Date,Adj Close,Close,High,Low,Open,Volume
2022-03-18,1422.1490478515625,1511.0,1511.0,1511.0,1511.0,0
2022-03-22,1428.80322265625,1518.0699462890625,1518.0699462890625,1518.0699462890625,1518.0699462890625,0
2022-03-23,1469.2279052734375,1561.02001953125,1561.02001953125,1561.02001953125,1561.02001953125,0
2022-03-24,1475.7974853515625,1568.0,1568.0,1544.0,1544.0,1024
2022-03-25,1472.0325927734375,1564.0,1578.0,1560.0,1578.0,559
2022-03-28,1466.385498046875,1558.0,1569.0,1550.0,1569.0,45
2022-03-29,1473.9150390625,1566.0,1571.0,1564.0,1571.0,306
2022-03-30,1479.56201171875,1572.0,1584.0,1555.0,1584.0,50
2022-03-31,1463.5616455078125,1555.0,1572.0,1555.0,1563.0,202
2022-04-01,1444.7379150390625,1535.0,1535.0,1526.0,1532.0,4031
2022-04-04,1476.73876953125,1569.0,1569.0,1553.0,1553.0,20909
2022-04-05,1477.6798095703125,1570.0,1587.0,1565.0,1587.0,390
2022-04-06,1450.385009765625,1541.0,1568.0,1537.0,1568.0,432
2022-04-07,1422.1490478515625,1511.0,1516.0,1505.0,1516.0,747
2022-04-08,1419.3255615234375,1508.0,1523.0,1508.0,1523.0,21
2022-04-11,1407.0899658203125,1495.0,1504.0,1489.0,1502.0,268
2022-04-12,1387.3248291015625,1474.0,1484.0,1474.0,1484.0,80
2022-04-13,1406.14892578125,1494.0,1494.0,1469.0,1469.0,159
2022-04-14,1418.38427734375,1507.0,1510.0,1500.0,1500.0,26
2022-04-15,1409.9134521484375,1498.0,1499.0,1487.0,1487.0,27
2022-04-18,1385.4423828125,1472.0,1476.0,1472.0,1476.0,2
2022-04-19,1405.2076416015625,1493.0,1497.0,1483.0,1497.0,425
2022-04-20,1411.7958984375,1500.0,1509.0,1496.0,1496.0,57
2022-04-21,1411.7958984375,1500.0,1500.0,1487.0,1487.0,152
2022-04-22,1392.9720458984375,1480.0,1488.0,1478.0,1478.0,47
2022-04-25,1382.527099609375,1456.0,1462.0,1450.0,1450.0,26552
2022-04-26,1398.6693115234375,1473.0,1473.0,1462.0,1466.0,42005
2022-04-27,1377.779296875,1451.0,1451.0,1431.0,1443.0,18
2022-04-28,1411.0130615234375,1486.0,1487.0,1472.0,1472.0,181
2022-05-02,1425.2562255859375,1501.0,1506.0,1496.0,1496.0,11
2022-05-06,1435.7010498046875,1512.0,1514.0,1492.0,1497.0,71
2022-05-09,1418.6094970703125,1494.0,1500.0,1492.0,1496.0,2108
2022-05-10,1416.7105712890625,1492.0,1492.0,1463.0,1471.0,308
2022-05-11,1413.86181640625,1489.0,1493.0,1489.0,1492.0,101
2022-05-12,1389.173828125,1463.0,1465.0,1463.0,1465.0,50
2022-05-13,1420.5086669921875,1496.0,1496.0,1487.0,1487.0,31
2022-05-16,1434.7515869140625,1511.0,1561.0,1508.0,1512.0,202
2022-05-17,1427.1552734375,1503.0,1505.0,1500.0,1504.0,327
2022-05-18,1432.8524169921875,1509.0,1518.0,1506.0,1517.0,248
2022-05-19,1412.9122314453125,1488.0,1488.0,1468.0,1469.0,306
2022-05-20,1427.1552734375,1503.0,1503.0,1502.0,1502.0,51
2022-05-23,1433.8021240234375,1510.0,1519.0,1510.0,1519.0,17
2022-05-24,1427.1552734375,1503.0,1503.0,1503.0,1503.0,2
2022-05-25,1421.4580078125,1497.0,1499.0,1497.0,1499.0,101
2022-05-26,1421.4580078125,1497.0,1497.0,1497.0,1497.0,0
2022-05-27,1432.8524169921875,1509.0,1511.0,1509.0,1511.0,4
2022-05-30,1453.742431640625,1531.0,1531.0,1512.0,1512.0,151
2022-05-31,1453.742431640625,1531.0,1534.0,1531.0,1531.0,7
2022-06-01,1477.4808349609375,1556.0,1556.0,1534.0,1534.0,271
2022-06-02,1458.489990234375,1536.0,1547.0,1536.0,1547.0,63
2022-06-03,1470.833984375,1549.0,1555.0,1548.0,1555.0,200
2022-06-06,1471.7835693359375,1550.0,1550.0,1538.0,1539.0,77
2022-06-07,1472.7330322265625,1551.0,1558.0,1551.0,1558.0,26
2022-06-08,1496.4715576171875,1576.0,1580.0,1567.0,1573.0,735
2022-06-09,1501.21923828125,1581.0,1588.0,1546.0,1546.0,576
2022-06-10,1484.1275634765625,1563.0,1563.0,1558.0,1558.0,6
2022-06-13,1448.045166015625,1525.0,1529.0,1520.0,1528.0,552
2022-06-14,1414.811279296875,1490.0,1495.0,1490.0,1492.0,17
2022-06-15,1414.811279296875,1490.0,1499.0,1490.0,1499.0,43
2022-06-16,1426.205810546875,1502.0,1518.0,1502.0,1514.0,9
2022-06-17,1390.123291015625,1464.0,1466.0,1457.0,1462.0,27
2022-06-20,1381.57763671875,1455.0,1468.0,1455.0,1468.0,23
2022-06-21,1416.7105712890625,1492.0,1492.0,1477.0,1477.0,20
2022-06-22,1416.7105712890625,1492.0,1492.0,1490.0,1490.0,3
2022-06-23,1413.86181640625,1489.0,1502.0,1489.0,1497.0,23
2022-06-24,1437.6002197265625,1514.0,1516.0,1502.0,1502.0,54
2022-06-27,1452.7928466796875,1530.0,1530.0,1525.0,1529.0,32
2022-06-28,1451.843505859375,1529.0,1533.0,1524.0,1524.0,3
2022-06-29,1451.843505859375,1529.0,1529.0,1524.0,1527.0,26
2022-06-30,1450.8936767578125,1528.0,1532.0,1528.0,1532.0,32
2022-07-01,1411.962646484375,1487.0,1518.0,1486.0,1517.0,61
2022-07-04,1434.7515869140625,1511.0,1511.0,1511.0,1511.0,1
2022-07-05,1448.045166015625,1525.0,1530.0,1522.0,1522.0,8
2022-07-06,1430.9534912109375,1507.0,1518.0,1507.0,1509.0,68
2022-07-07,1444.2469482421875,1521.0,1524.0,1521.0,1524.0,92
2022-07-08,1466.0865478515625,1544.0,1555.0,1533.0,1533.0,23
2022-07-11,1478.430419921875,1557.0,1566.0,1557.0,1557.0,8
2022-07-12,1445.1966552734375,1522.0,1543.0,1522.0,1543.0,5
2022-07-13,1446.14599609375,1523.0,1523.0,1523.0,1523.0,1
2022-07-14,1454.6920166015625,1532.0,1532.0,1519.0,1519.0,4
2022-07-15,1452.7928466796875,1530.0,1537.0,1530.0,1537.0,4
2022-07-19,1449.944091796875,1527.0,1527.0,1527.0,1527.0,1
2022-07-20,1483.177978515625,1562.0,1562.0,1548.0,1548.0,19
2022-07-21,1494.572509765625,1574.0,1574.0,1556.0,1556.0,12
2022-07-22,1505.017578125,1585.0,1585.0,1576.0,1576.0,11
2022-07-25,1495.52197265625,1575.0,1580.0,1575.0,1579.0,23
2022-07-26,1497.421142578125,1577.0,1577.0,1577.0,1577.0,1
2022-07-27,1500.2696533203125,1580.0,1580.0,1573.0,1577.0,15
2022-07-28,1500.2696533203125,1580.0,1580.0,1580.0,1580.0,0
2022-07-29,1497.421142578125,1577.0,1577.0,1571.0,1571.0,4
2022-08-01,1486.0267333984375,1565.0,1565.0,1550.0,1550.0,33
2022-08-02,1481.279052734375,1560.0,1577.0,1560.0,1576.0,125115
2022-08-03,1485.0770263671875,1564.0,1564.0,1563.0,1563.0,25
2022-08-04,1492.67333984375,1572.0,1572.0,1564.0,1571.0,3
2022-08-05,1499.3203125,1579.0,1580.0,1572.0,1572.0,10
2022-08-08,1484.1275634765625,1563.0,1565.0,1563.0,1565.0,2
2022-08-09,1483.177978515625,1562.0,1570.0,1562.0,1570.0,4
2022-08-10,1475.58154296875,1554.0,1554.0,1547.0,1550.0,6
2022-08-12,1513.563232421875,1594.0,1598.0,1582.0,1582.0,16
2022-08-15,1526.856689453125,1608.0,1608.0,1596.0,1596.0,20123
2022-08-16,1524.0081787109375,1605.0,1605.0,1600.0,1600.0,3
2022-08-17,1533.50341796875,1615.0,1615.0,1610.0,1610.0,22
2022-08-18,1525.9073486328125,1607.0,1609.0,1607.0,1609.0,7
2022-08-19,1531.6044921875,1613.0,1616.0,1613.0,1615.0,8
2022-08-22,1517.361572265625,1598.0,1598.0,1594.0,1594.0,114
2022-08-23,1508.8155517578125,1589.0,1589.0,1584.0,1589.0,138
2022-08-24,1502.1688232421875,1582.0,1585.0,1581.0,1585.0,188
2022-08-25,1504.06787109375,1584.0,1584.0,1584.0,1584.0,1
2022-08-26,1517.361572265625,1598.0,1599.0,1595.0,1599.0,105
2022-08-29,1481.279052734375,1560.0,1560.0,1560.0,1560.0,200
2022-08-30,1500.2696533203125,1580.0,1580.0,1580.0,1580.0,2
2022-08-31,1505.017578125,1585.0,1585.0,1581.0,1581.0,2
2022-09-01,1486.0267333984375,1565.0,1565.0,1565.0,1565.0,30
2022-09-02,1477.4808349609375,1556.0,1556.0,1556.0,1556.0,4
2022-09-05,1477.4808349609375,1556.0,1556.0,1556.0,1556.0,0
2022-09-06,1476.53125,1555.0,1555.0,1553.0,1553.0,6
2022-09-07,1476.53125,1555.0,1555.0,1548.0,1548.0,101
2022-09-08,1476.53125,1555.0,1555.0,1555.0,1555.0,0
2022-09-09,1513.563232421875,1594.0,1595.0,1594.0,1595.0,222
2022-09-12,1534.4532470703125,1616.0,1618.0,1616.0,1618.0,203
2022-09-13,1533.50341796875,1615.0,1615.0,1615.0,1615.0,100
2022-09-14,1516.412109375,1597.0,1597.0,1597.0,1597.0,84
2022-09-15,1505.017578125,1585.0,1591.0,1585.0,1591.0,30
2022-09-16,1487.92578125,1567.0,1574.0,1567.0,1574.0,12
2022-09-20,1497.421142578125,1577.0,1587.0,1577.0,1587.0,2
2022-09-21,1482.2286376953125,1561.0,1565.0,1561.0,1564.0,121
2022-09-22,1475.58154296875,1554.0,1554.0,1540.0,1540.0,109
2022-09-26,1448.045166015625,1525.0,1527.0,1519.0,1519.0,14
2022-09-27,1448.9947509765625,1526.0,1526.0,1524.0,1524.0,42
2022-09-28,1429.0543212890625,1505.0,1517.0,1500.0,1516.0,66
2022-09-29,1458.489990234375,1536.0,1536.0,1525.0,1525.0,14
2022-09-30,1435.7010498046875,1512.0,1527.0,1512.0,1527.0,73
2022-10-03,1448.9947509765625,1526.0,1526.0,1503.0,1508.0,171
2022-10-04,1490.7742919921875,1570.0,1570.0,1552.0,1552.0,12
2022-10-05,1506.9163818359375,1587.0,1587.0,1587.0,1587.0,1
2022-10-06,1517.361572265625,1598.0,1599.0,1598.0,1599.0,5
2022-10-07,1505.967041015625,1586.0,1586.0,1586.0,1586.0,1
2022-10-11,1470.833984375,1549.0,1557.0,1546.0,1557.0,312
2022-10-12,1464.1873779296875,1542.0,1547.0,1535.0,1535.0,2300
2022-10-13,1454.6920166015625,1532.0,1533.0,1532.0,1533.0,4
2022-10-14,1487.92578125,1567.0,1594.0,1567.0,1594.0,2
2022-10-17,1471.7835693359375,1550.0,1556.0,1550.0,1556.0,2
2022-10-18,1491.72412109375,1571.0,1576.0,1571.0,1576.0,8
2022-10-19,1497.421142578125,1577.0,1577.0,1577.0,1577.0,3
2022-10-20,1495.52197265625,1575.0,1575.0,1565.0,1565.0,7
2022-10-21,1474.63232421875,1553.0,1561.0,1553.0,1561.0,5
2022-10-24,1488.9862060546875,1556.0,1558.0,1556.0,1558.0,6
2022-10-25,1507.1678466796875,1575.0,1575.0,1562.0,1562.0,8
2022-10-26,1515.7802734375,1584.0,1584.0,1584.0,1584.0,4
2022-10-27,1507.1678466796875,1575.0,1575.0,1571.0,1571.0,7
2022-10-28,1512.909423828125,1581.0,1581.0,1581.0,1581.0,2
2022-10-31,1513.866455078125,1582.0,1583.0,1578.0,1578.0,11
2022-11-01,1516.7373046875,1585.0,1586.0,1585.0,1586.0,2
2022-11-02,1516.7373046875,1585.0,1585.0,1585.0,1585.0,0
2022-11-04,1494.7276611328125,1562.0,1575.0,1559.0,1575.0,34
2022-11-07,1513.866455078125,1582.0,1572.0,1572.0,1572.0,1
2022-11-08,1513.866455078125,1582.0,1582.0,1582.0,1582.0,0
2022-11-09,1513.866455078125,1582.0,1582.0,1582.0,1582.0,0
2022-11-10,1495.6846923828125,1563.0,1563.0,1563.0,1563.0,6
2022-11-11,1524.3927001953125,1593.0,1595.0,1590.0,1590.0,10
2022-11-14,1505.2540283203125,1573.0,1590.0,1573.0,1590.0,126
2022-11-15,1505.2540283203125,1573.0,1573.0,1564.0,1564.0,104
2022-11-16,1503.34033203125,1571.0,1571.0,1566.0,1566.0,5
2022-11-17,1511.9525146484375,1580.0,1580.0,1580.0,1580.0,21
2022-11-18,1510.9957275390625,1579.0,1580.0,1579.0,1580.0,21
2022-11-21,1512.909423828125,1581.0,1587.0,1581.0,1587.0,31
2022-11-22,1528.2205810546875,1597.0,1597.0,1597.0,1597.0,1
2022-11-24,1544.4881591796875,1614.0,1614.0,1614.0,1614.0,10
2022-11-25,1548.31591796875,1618.0,1618.0,1609.0,1609.0,132
2022-11-28,1548.31591796875,1618.0,1618.0,1618.0,1618.0,1
2022-11-29,1525.349609375,1594.0,1604.0,1592.0,1604.0,29
2022-11-30,1525.349609375,1594.0,1594.0,1594.0,1594.0,0
2022-12-01,1523.435791015625,1592.0,1601.0,1592.0,1599.0,84
2022-12-02,1496.6414794921875,1564.0,1570.0,1561.0,1570.0,7
2022-12-05,1486.115478515625,1553.0,1558.0,1550.0,1558.0,5076
2022-12-06,1489.943115234375,1557.0,1557.0,1556.0,1556.0,8
2022-12-07,1485.158447265625,1552.0,1553.0,1544.0,1544.0,15
2022-12-08,1470.804443359375,1537.0,1542.0,1537.0,1542.0,77
2022-12-09,1492.81396484375,1560.0,1565.0,1548.0,1548.0,6
2022-12-12,1488.0291748046875,1555.0,1560.0,1541.0,1541.0,13
2022-12-13,1490.9000244140625,1558.0,1564.0,1558.0,1564.0,5
2022-12-14,1491.85693359375,1559.0,1559.0,1559.0,1559.0,1
2022-12-15,1496.6414794921875,1564.0,1568.0,1564.0,1568.0,4
2022-12-16,1483.2445068359375,1550.0,1554.0,1550.0,1550.0,67
2022-12-19,1482.28759765625,1549.0,1551.0,1549.0,1551.0,302
2022-12-20,1449.751953125,1515.0,1550.0,1514.0,1548.0,20181
2022-12-21,1443.0535888671875,1508.0,1521.0,1508.0,1510.0,111
2022-12-22,1455.4935302734375,1521.0,1523.0,1514.0,1514.0,9
2022-12-23,1445.9241943359375,1511.0,1518.0,1511.0,1518.0,7
2022-12-26,1447.8380126953125,1513.0,1513.0,1513.0,1513.0,1
2022-12-27,1451.665771484375,1517.0,1522.0,1517.0,1522.0,2
2022-12-28,1442.0965576171875,1507.0,1511.0,1507.0,1511.0,9
2022-12-29,1440.1826171875,1505.0,1505.0,1492.0,1501.0,23
2022-12-30,1447.8380126953125,1513.0,1516.0,1513.0,1516.0,4
2023-01-04,1419.1302490234375,1483.0,1491.0,1483.0,1483.0,113
2023-01-05,1415.3023681640625,1479.0,1481.0,1478.0,1478.0,1130
2023-01-06,1417.2164306640625,1481.0,1481.0,1472.0,1472.0,3
2023-01-10,1422.0008544921875,1486.0,1496.0,1486.0,1493.0,45
2023-01-11,1433.4840087890625,1498.0,1500.0,1490.0,1490.0,11
2023-01-12,1440.1826171875,1505.0,1505.0,1498.0,1504.0,10
2023-01-13,1436.3548583984375,1501.0,1501.0,1496.0,1496.0,2
2023-01-16,1421.0439453125,1485.0,1491.0,1485.0,1489.0,34
2023-01-17,1429.6563720703125,1494.0,1494.0,1494.0,1494.0,2
2023-01-18,1431.5703125,1496.0,1496.0,1494.0,1494.0,31
2023-01-19,1439.2257080078125,1504.0,1507.0,1503.0,1503.0,7
2023-01-20,1444.96728515625,1510.0,1510.0,1502.0,1502.0,13
2023-01-23,1458.3643798828125,1524.0,1524.0,1523.0,1523.0,7
2023-01-24,1475.5892333984375,1542.0,1542.0,1533.0,1533.0,267
2023-01-25,1478.4599609375,1545.0,1548.0,1542.0,1542.0,14
2023-01-26,1480.3739013671875,1547.0,1547.0,1543.0,1543.0,4
2023-01-27,1478.4599609375,1545.0,1545.0,1545.0,1545.0,1
2023-01-30,1486.115478515625,1553.0,1553.0,1548.0,1548.0,3
2023-01-31,1486.115478515625,1553.0,1553.0,1553.0,1553.0,0
2023-02-01,1492.81396484375,1560.0,1570.0,1560.0,1570.0,16
2023-02-02,1482.28759765625,1549.0,1554.0,1549.0,1554.0,3
2023-02-03,1483.2445068359375,1550.0,1550.0,1550.0,1550.0,6
2023-02-06,1479.4168701171875,1546.0,1558.0,1545.0,1558.0,12
2023-02-07,1489.943115234375,1557.0,1557.0,1550.0,1555.0,15
2023-02-08,1488.9862060546875,1556.0,1557.0,1556.0,1557.0,2
2023-02-09,1495.6846923828125,1563.0,1563.0,1553.0,1553.0,101
2023-02-10,1497.5986328125,1565.0,1574.0,1561.0,1561.0,34
2023-02-13,1486.115478515625,1553.0,1559.0,1553.0,1559.0,3
2023-02-14,1503.34033203125,1571.0,1571.0,1565.0,1568.0,111
2023-02-15,1503.34033203125,1571.0,1571.0,1571.0,1571.0,0
2023-02-16,1497.5986328125,1565.0,1565.0,1563.0,1565.0,18
2023-02-17,1494.7276611328125,1562.0,1564.0,1562.0,1564.0,4
2023-02-20,1501.42626953125,1569.0,1569.0,1565.0,1565.0,3
2023-02-21,1501.42626953125,1569.0,1569.0,1569.0,1569.0,0
2023-02-22,1483.2445068359375,1550.0,1559.0,1550.0,1559.0,29
2023-02-24,1490.9000244140625,1558.0,1558.0,1558.0,1558.0,3
2023-02-27,1488.0291748046875,1555.0,1561.0,1555.0,1560.0,11
2023-02-28,1500.4693603515625,1568.0,1568.0,1568.0,1568.0,1
2023-03-01,1501.42626953125,1569.0,1570.0,1563.0,1565.0,11
2023-03-02,1499.512451171875,1567.0,1576.0,1567.0,1576.0,7
2023-03-03,1517.6942138671875,1586.0,1586.0,1581.0,1583.0,5
2023-03-06,1524.3927001953125,1593.0,1595.0,1587.0,1587.0,19
2023-03-07,1527.2633056640625,1596.0,1596.0,1593.0,1593.0,9
2023-03-08,1533.9620361328125,1603.0,1603.0,1598.0,1600.0,7
2023-03-09,1550.2298583984375,1620.0,1620.0,1618.0,1620.0,46
2023-03-10,1533.9620361328125,1603.0,1609.0,1587.0,1587.0,4023
2023-03-13,1519.60791015625,1588.0,1588.0,1588.0,1588.0,1
2023-03-14,1477.503173828125,1544.0,1548.0,1541.0,1542.0,18
2023-03-15,1483.2445068359375,1550.0,1560.0,1550.0,1560.0,6
2023-03-16,1469.847412109375,1536.0,1536.0,1523.0,1523.0,18
2023-03-17,1483.2445068359375,1550.0,1553.0,1547.0,1547.0,10
2023-03-20,1449.751953125,1515.0,1537.0,1515.0,1537.0,52
2023-03-22,1474.6322021484375,1541.0,1543.0,1539.0,1539.0,12
2023-03-23,1468.890625,1535.0,1535.0,1515.0,1515.0,79
2023-03-24,1455.4935302734375,1521.0,1526.0,1521.0,1526.0,8
2023-03-27,1468.890625,1535.0,1537.0,1531.0,1537.0,14
2023-03-28,1466.976806640625,1533.0,1533.0,1530.0,1533.0,37
2023-03-29,1489.943115234375,1557.0,1557.0,1546.0,1546.0,33
2023-03-30,1500.4693603515625,1568.0,1572.0,1568.0,1572.0,64
2023-03-31,1516.7373046875,1585.0,1588.0,1585.0,1588.0,5
2023-04-03,1522.478759765625,1591.0,1593.0,1585.0,1585.0,154
2023-04-04,1519.60791015625,1588.0,1590.0,1586.0,1590.0,77
2023-04-05,1493.77099609375,1561.0,1578.0,1561.0,1578.0,105
2023-04-06,1472.71826171875,1539.0,1545.0,1539.0,1544.0,10
2023-04-07,1471.761474609375,1538.0,1540.0,1538.0,1540.0,4
2023-04-10,1477.503173828125,1544.0,1552.0,1544.0,1552.0,14
2023-04-11,1490.9000244140625,1558.0,1558.0,1553.0,1553.0,69
2023-04-12,1490.9000244140625,1558.0,1561.0,1558.0,1561.0,3
2023-04-13,1492.81396484375,1560.0,1560.0,1556.0,1558.0,69
2023-04-14,1492.81396484375,1560.0,1560.0,1560.0,1560.0,0
2023-04-17,1501.42626953125,1569.0,1570.0,1566.0,1570.0,107
2023-04-18,1512.909423828125,1581.0,1583.0,1581.0,1583.0,42
2023-04-19,1508.124755859375,1576.0,1576.0,1574.0,1574.0,45
2023-04-20,1512.909423828125,1581.0,1581.0,1574.0,1574.0,2
2023-04-21,1495.6846923828125,1563.0,1569.0,1552.0,1552.0,171
2023-04-24,1514.9962158203125,1569.0,1569.0,1569.0,1569.0,1
2023-04-25,1520.7899169921875,1575.0,1579.0,1575.0,1578.0,52
2023-04-26,1508.2373046875,1562.0,1565.0,1560.0,1565.0,125
2023-04-27,1509.2027587890625,1563.0,1563.0,1563.0,1563.0,3
2023-04-28,1525.61767578125,1580.0,1580.0,1574.0,1574.0,25
2023-05-01,1569.0689697265625,1625.0,1636.0,1619.0,1636.0,627
2023-05-02,1571.9656982421875,1628.0,1630.0,1628.0,1630.0,31
2023-05-08,1574.8623046875,1631.0,1631.0,1620.0,1620.0,5
2023-05-09,1586.44921875,1643.0,1643.0,1640.0,1643.0,22
2023-05-10,1589.34619140625,1646.0,1646.0,1646.0,1646.0,1
2023-05-11,1581.6214599609375,1638.0,1639.0,1637.0,1639.0,6
2023-05-12,1593.2083740234375,1650.0,1650.0,1635.0,1635.0,133
2023-05-15,1598.0362548828125,1655.0,1658.0,1649.0,1650.0,57
2023-05-16,1610.5887451171875,1668.0,1668.0,1666.0,1667.0,18
2023-05-17,1613.4857177734375,1671.0,1671.0,1671.0,1671.0,2
2023-05-18,1620.24462890625,1678.0,1680.0,1676.0,1680.0,283
2023-05-19,1626.0382080078125,1684.0,1686.0,1680.0,1681.0,119
2023-05-22,1630.8660888671875,1689.0,1689.0,1667.0,1667.0,22
2023-05-23,1622.1759033203125,1680.0,1699.0,1680.0,1693.0,48
2023-05-24,1617.347900390625,1675.0,1680.0,1672.0,1680.0,12
2023-05-25,1602.8643798828125,1660.0,1666.0,1660.0,1665.0,6
2023-05-26,1603.829833984375,1661.0,1661.0,1661.0,1661.0,5
2023-05-29,1607.6920166015625,1665.0,1667.0,1665.0,1667.0,105
2023-05-30,1601.8985595703125,1659.0,1659.0,1649.0,1654.0,37
2023-05-31,1584.5181884765625,1641.0,1647.0,1641.0,1644.0,14
2023-06-01,1584.5181884765625,1641.0,1641.0,1641.0,1641.0,0
2023-06-02,1616.3824462890625,1674.0,1675.0,1647.0,1647.0,10
2023-06-05,1636.6595458984375,1695.0,1697.0,1695.0,1695.0,9
2023-06-06,1654.0399169921875,1713.0,1713.0,1687.0,1689.0,21
2023-06-07,1645.3497314453125,1704.0,1724.0,1694.0,1724.0,82
2023-06-08,1616.3824462890625,1674.0,1691.0,1669.0,1691.0,11
2023-06-09,1630.8660888671875,1689.0,1690.0,1689.0,1690.0,13
2023-06-12,1645.3497314453125,1704.0,1704.0,1649.0,1649.0,20
2023-06-13,1648.2464599609375,1707.0,1709.0,1700.0,1700.0,4
2023-06-14,1670.4549560546875,1730.0,1730.0,1722.0,1722.0,26
2023-06-15,1672.385986328125,1732.0,1735.0,1727.0,1727.0,38
2023-06-16,1672.385986328125,1732.0,1732.0,1732.0,1732.0,1
2023-06-19,1661.7645263671875,1721.0,1739.0,1714.0,1739.0,216
2023-06-20,1649.2120361328125,1708.0,1709.0,1707.0,1707.0,17
2023-06-21,1665.6268310546875,1725.0,1725.0,1704.0,1704.0,35
2023-06-22,1670.4549560546875,1730.0,1740.0,1730.0,1738.0,46
2023-06-23,1644.3841552734375,1703.0,1730.0,1703.0,1730.0,2
2023-06-26,1643.4185791015625,1702.0,1707.0,1699.0,1703.0,10
2023-06-27,1636.6595458984375,1695.0,1695.0,1689.0,1692.0,5
2023-06-28,1667.55810546875,1727.0,1727.0,1699.0,1699.0,114
2023-06-29,1670.4549560546875,1730.0,1738.0,1726.0,1735.0,27
2023-06-30,1660.799072265625,1720.0,1721.0,1715.0,1721.0,12
2023-07-03,1684.9385986328125,1745.0,1749.0,1745.0,1747.0,19
2023-07-04,1674.3172607421875,1734.0,1785.0,1733.0,1785.0,40936
2023-07-05,1669.4892578125,1729.0,1729.0,1723.0,1726.0,182
2023-07-06,1650.1776123046875,1709.0,1722.0,1698.0,1718.0,125
2023-07-07,1642.4530029296875,1701.0,1703.0,1691.0,1695.0,15
2023-07-10,1635.6939697265625,1694.0,1700.0,1689.0,1700.0,14
2023-07-11,1626.0382080078125,1684.0,1695.0,1679.0,1686.0,16
2023-07-12,1619.2791748046875,1677.0,1680.0,1670.0,1680.0,14
2023-07-13,1624.10693359375,1682.0,1686.0,1675.0,1681.0,10
2023-07-14,1626.0382080078125,1684.0,1690.0,1675.0,1677.0,16
2023-07-18,1632.7972412109375,1691.0,1701.0,1689.0,1689.0,25
2023-07-19,1643.4185791015625,1702.0,1711.0,1702.0,1711.0,531
2023-07-20,1649.2120361328125,1708.0,1711.0,1708.0,1711.0,2
2023-07-21,1641.4874267578125,1700.0,1705.0,1697.0,1697.0,12
2023-07-24,1655.9710693359375,1715.0,1718.0,1708.0,1718.0,65
2023-07-25,1656.936767578125,1716.0,1718.0,1713.0,1713.0,4
2023-07-26,1653.0743408203125,1712.0,1712.0,1700.0,1706.0,29
2023-07-27,1653.0743408203125,1712.0,1714.0,1707.0,1714.0,203
2023-07-28,1647.2808837890625,1706.0,1712.0,1691.0,1712.0,151
2023-07-31,1662.730224609375,1722.0,1734.0,1713.0,1713.0,45
2023-08-01,1669.4892578125,1729.0,1729.0,1729.0,1729.0,1
2023-08-02,1652.108642578125,1711.0,1723.0,1711.0,1721.0,23
2023-08-03,1610.5887451171875,1668.0,1683.0,1668.0,1683.0,725
2023-08-04,1606.7265625,1664.0,1665.0,1659.0,1659.0,82
2023-08-07,1618.3134765625,1676.0,1676.0,1659.0,1664.0,78
2023-08-08,1618.3134765625,1676.0,1676.0,1676.0,1676.0,0
2023-08-09,1639.55615234375,1698.0,1698.0,1689.0,1689.0,31
2023-08-10,1653.0743408203125,1712.0,1712.0,1701.0,1701.0,145
2023-08-14,1634.728271484375,1693.0,1717.0,1693.0,1711.0,24
2023-08-15,1649.2120361328125,1708.0,1709.0,1705.0,1705.0,4
2023-08-16,1631.8316650390625,1690.0,1690.0,1690.0,1690.0,5
2023-08-17,1623.1416015625,1681.0,1681.0,1668.0,1678.0,6
2023-08-18,1603.829833984375,1661.0,1667.0,1660.0,1665.0,146
2023-08-21,1616.3824462890625,1674.0,1682.0,1671.0,1671.0,97
2023-08-22,1616.3824462890625,1674.0,1680.0,1674.0,1678.0,10
2023-08-23,1635.6939697265625,1694.0,1694.0,1674.0,1674.0,15
2023-08-24,1641.4874267578125,1700.0,1700.0,1693.0,1693.0,4
2023-08-25,1631.8316650390625,1690.0,1695.0,1684.0,1684.0,2006
2023-08-28,1652.108642578125,1711.0,1711.0,1701.0,1701.0,282
2023-08-29,1657.9022216796875,1717.0,1720.0,1715.0,1720.0,342
2023-08-30,1667.55810546875,1727.0,1730.0,1719.0,1719.0,163
2023-08-31,1667.55810546875,1727.0,1727.0,1727.0,1727.0,0
2023-09-01,1681.0762939453125,1741.0,1744.0,1741.0,1744.0,3
2023-09-04,1692.6632080078125,1753.0,1753.0,1749.0,1749.0,7
2023-09-05,1692.6632080078125,1753.0,1753.0,1750.0,1750.0,16
2023-09-06,1707.1468505859375,1768.0,1769.0,1757.0,1757.0,27
2023-09-07,1699.4222412109375,1760.0,1766.0,1760.0,1760.0,24
2023-09-08,1677.2139892578125,1737.0,1754.0,1737.0,1740.0,11021
2023-09-11,1671.4202880859375,1731.0,1735.0,1731.0,1735.0,6
2023-09-12,1690.7320556640625,1751.0,1751.0,1733.0,1733.0,10
2023-09-13,1699.4222412109375,1760.0,1761.0,1711.0,1711.0,106
2023-09-14,1721.630859375,1783.0,1783.0,1764.0,1764.0,4
2023-09-15,1747.7012939453125,1810.0,1810.0,1797.0,1797.0,11
2023-09-19,1742.873291015625,1805.0,1819.0,1805.0,1811.0,22
2023-09-20,1738.04541015625,1800.0,1800.0,1800.0,1800.0,2
2023-09-21,1717.7684326171875,1779.0,1797.0,1779.0,1794.0,36
2023-09-22,1712.9403076171875,1774.0,1774.0,1763.0,1763.0,7
2023-09-25,1725.4930419921875,1787.0,1787.0,1786.0,1786.0,20
2023-09-26,1708.1126708984375,1769.0,1781.0,1769.0,1780.0,4012
2023-09-27,1693.628662109375,1754.0,1759.0,1754.0,1759.0,3
2023-09-28,1700.3878173828125,1761.0,1776.0,1761.0,1776.0,17
2023-09-29,1708.1126708984375,1769.0,1769.0,1769.0,1769.0,5
2023-10-02,1689.7664794921875,1750.0,1779.0,1750.0,1779.0,12
2023-10-03,1655.9710693359375,1715.0,1740.0,1715.0,1740.0,114
2023-10-04,1613.4857177734375,1671.0,1690.0,1671.0,1690.0,19
2023-10-05,1637.625,1696.0,1700.0,1683.0,1685.0,18
2023-10-06,1657.9022216796875,1717.0,1717.0,1696.0,1696.0,10
2023-10-10,1681.0762939453125,1741.0,1741.0,1723.0,1729.0,11
2023-10-11,1685.9041748046875,1746.0,1747.0,1740.0,1740.0,22
2023-10-12,1703.2845458984375,1764.0,1764.0,1750.0,1750.0,12
2023-10-13,1681.0762939453125,1741.0,1746.0,1739.0,1746.0,33
2023-10-16,1647.2808837890625,1706.0,1723.0,1703.0,1723.0,55
2023-10-17,1661.7645263671875,1721.0,1730.0,1709.0,1709.0,2035
2023-10-18,1647.2808837890625,1706.0,1734.0,1706.0,1734.0,205
2023-10-19,1648.2464599609375,1707.0,1707.0,1699.0,1700.0,7
2023-10-20,1637.625,1696.0,1702.0,1690.0,1690.0,7
2023-10-23,1618.3134765625,1676.0,1686.0,1676.0,1680.0,13
2023-10-24,1638.7369384765625,1685.0,1685.0,1650.0,1674.0,30
2023-10-25,1642.6270751953125,1689.0,1690.0,1687.0,1687.0,2004
2023-10-26,1609.5604248046875,1655.0,1674.0,1655.0,1673.0,8
2023-10-27,1646.517333984375,1693.0,1693.0,1686.0,1686.0,2
2023-10-30,1633.8741455078125,1680.0,1684.0,1675.0,1680.0,11
2023-10-31,1653.3250732421875,1700.0,1700.0,1680.0,1685.0,4
2023-11-01,1677.6385498046875,1725.0,1725.0,1719.0,1720.0,3
2023-11-02,1682.50146484375,1730.0,1748.0,1730.0,1748.0,12
2023-11-06,1724.3209228515625,1773.0,1773.0,1753.0,1753.0,23
2023-11-07,1690.28173828125,1738.0,1762.0,1738.0,1762.0,17
2023-11-08,1691.2542724609375,1739.0,1739.0,1736.0,1736.0,111
2023-11-09,1688.336669921875,1736.0,1737.0,1733.0,1733.0,102
2023-11-10,1701.9522705078125,1750.0,1750.0,1735.0,1735.0,20
2023-11-13,1714.595458984375,1763.0,1771.0,1763.0,1770.0,209633
2023-11-14,1724.3209228515625,1773.0,1777.0,1769.0,1777.0,31
2023-11-15,1731.128662109375,1780.0,1788.0,1780.0,1788.0,12
2023-11-16,1736.9638671875,1786.0,1786.0,1782.0,1782.0,19
2023-11-17,1750.579345703125,1800.0,1800.0,1785.0,1787.0,334
2023-11-20,1749.60693359375,1799.0,1810.0,1799.0,1809.0,256
2023-11-21,1738.908935546875,1788.0,1788.0,1785.0,1785.0,9
2023-11-22,1746.6893310546875,1796.0,1797.0,1796.0,1797.0,14
2023-11-24,1761.2774658203125,1811.0,1812.0,1804.0,1804.0,223
2023-11-27,1747.6617431640625,1797.0,1810.0,1797.0,1806.0,13
2023-11-28,1735.0186767578125,1784.0,1799.0,1784.0,1794.0,3
2023-11-29,1754.4697265625,1804.0,1805.0,1800.0,1800.0,207
2023-11-30,1757.3870849609375,1807.0,1807.0,1774.0,1774.0,13
2023-12-01,1756.414794921875,1806.0,1813.0,1770.0,1770.0,127
2023-12-04,1748.6343994140625,1798.0,1799.0,1788.0,1799.0,80
2023-12-05,1732.10107421875,1781.0,1794.0,1772.0,1772.0,34
2023-12-06,1758.35986328125,1808.0,1808.0,1776.0,1796.0,23
2023-12-07,1734.0462646484375,1783.0,1791.0,1783.0,1791.0,553
2023-12-08,1699.03466796875,1747.0,1767.0,1747.0,1767.0,29
2023-12-11,1719.4580078125,1768.0,1769.0,1761.0,1761.0,11
2023-12-12,1725.293212890625,1774.0,1783.0,1774.0,1783.0,5
2023-12-13,1723.3482666015625,1772.0,1783.0,1770.0,1783.0,106
2023-12-14,1698.062255859375,1746.0,1753.0,1746.0,1753.0,5
2023-12-15,1719.4580078125,1768.0,1768.0,1765.0,1765.0,4
2023-12-18,1705.84228515625,1754.0,1760.0,1752.0,1756.0,2014
2023-12-19,1720.4306640625,1769.0,1769.0,1754.0,1754.0,11
2023-12-20,1729.183349609375,1778.0,1782.0,1778.0,1782.0,3
2023-12-21,1713.6226806640625,1762.0,1762.0,1761.0,1761.0,2
2023-12-22,1712.6502685546875,1761.0,1769.0,1761.0,1769.0,9
2023-12-25,1715.5677490234375,1764.0,1800.0,1764.0,1800.0,322
2023-12-26,1712.6502685546875,1761.0,1772.0,1758.0,1772.0,105
2023-12-27,1733.07373046875,1782.0,1801.0,1771.0,1801.0,53
2023-12-28,1732.10107421875,1781.0,1782.0,1776.0,1779.0,14
2023-12-29,1728.2109375,1777.0,1785.0,1777.0,1785.0,9
2024-01-04,1746.6893310546875,1796.0,1796.0,1768.0,1780.0,28
2024-01-05,1748.6343994140625,1798.0,1804.0,1798.0,1804.0,216
2024-01-09,1758.35986328125,1808.0,1819.0,1806.0,1816.0,341
2024-01-10,1792.39892578125,1843.0,1843.0,1819.0,1819.0,396
2024-01-11,1808.93212890625,1860.0,1868.0,1854.0,1854.0,176
2024-01-12,1807.959716796875,1859.0,1873.0,1859.0,1871.0,299
2024-01-15,1821.5751953125,1873.0,1873.0,1870.0,1870.0,3
2024-01-16,1823.5203857421875,1875.0,1935.0,1870.0,1870.0,168
2024-01-17,1821.5751953125,1873.0,1890.0,1873.0,1875.0,20
2024-01-18,1802.124267578125,1853.0,1863.0,1853.0,1862.0,230
2024-01-19,1807.959716796875,1859.0,1862.0,1856.0,1862.0,110
2024-01-22,1846.8612060546875,1899.0,1899.0,1869.0,1869.0,730
2024-01-23,1840.0535888671875,1892.0,1900.0,1892.0,1900.0,13
2024-01-24,1829.35546875,1881.0,1932.0,1881.0,1932.0,26
2024-01-25,1822.5477294921875,1874.0,1874.0,1874.0,1874.0,2
2024-01-26,1815.739990234375,1867.0,1873.0,1862.0,1873.0,134
2024-01-29,1815.739990234375,1867.0,1867.0,1850.0,1850.0,121
2024-01-30,1812.822265625,1864.0,1865.0,1861.0,1863.0,11003
2024-01-31,1826.4378662109375,1878.0,1878.0,1854.0,1861.0,7
2024-02-01,1829.35546875,1881.0,1881.0,1870.0,1870.0,7
2024-02-02,1841.99853515625,1894.0,1894.0,1878.0,1878.0,5
2024-02-05,1841.0260009765625,1893.0,1903.0,1888.0,1903.0,225
2024-02-06,1815.739990234375,1867.0,1932.0,1867.0,1932.0,58
2024-02-07,1819.630126953125,1871.0,1873.0,1866.0,1873.0,102
2024-02-08,1811.8497314453125,1863.0,1878.0,1860.0,1878.0,108
2024-02-09,1817.6851806640625,1869.0,1878.0,1860.0,1860.0,7
2024-02-13,1838.1083984375,1890.0,1890.0,1885.0,1885.0,2326
2024-02-14,1825.4654541015625,1877.0,1886.0,1868.0,1886.0,42
2024-02-15,1809.9046630859375,1861.0,1861.0,1860.0,1860.0,6
2024-02-16,1846.8612060546875,1899.0,1899.0,1881.0,1881.0,109
2024-02-19,1841.99853515625,1894.0,1895.0,1882.0,1882.0,12
2024-02-20,1841.0260009765625,1893.0,1900.0,1890.0,1900.0,12
2024-02-21,1826.4378662109375,1878.0,1885.0,1878.0,1881.0,20
2024-02-22,1848.8065185546875,1901.0,1901.0,1893.0,1893.0,12
2024-02-26,1855.6143798828125,1908.0,1911.0,1902.0,1902.0,89
2024-02-27,1845.888916015625,1898.0,1901.0,1897.0,1901.0,65
2024-02-28,1851.72412109375,1904.0,1904.0,1903.0,1903.0,7
2024-02-29,1851.72412109375,1904.0,1904.0,1889.0,1900.0,123
2024-03-01,1863.39453125,1916.0,1916.0,1912.0,1912.0,20
2024-03-04,1856.586669921875,1909.0,1916.0,1908.0,1916.0,1857
2024-03-05,1855.6143798828125,1908.0,1908.0,1894.0,1899.0,79
2024-03-06,1865.33984375,1918.0,1918.0,1900.0,1900.0,118
2024-03-07,1860.4769287109375,1913.0,1935.0,1913.0,1930.0,1461
2024-03-08,1870.202392578125,1923.0,1923.0,1877.0,1877.0,64
2024-03-11,1812.822265625,1864.0,1892.0,1864.0,1892.0,230
2024-03-12,1823.5203857421875,1875.0,1875.0,1854.0,1861.0,148
2024-03-13,1803.0968017578125,1854.0,1891.0,1854.0,1891.0,148
2024-03-14,1830.328125,1882.0,1882.0,1870.0,1872.0,12
2024-03-15,1841.0260009765625,1893.0,1895.0,1887.0,1887.0,155
2024-03-18,1864.3671875,1917.0,1917.0,1897.0,1897.0,61
2024-03-19,1877.01025390625,1930.0,1930.0,1909.0,1909.0,137
2024-03-21,1895.488525390625,1949.0,1952.0,1944.0,1950.0,105
2024-03-22,1897.4337158203125,1951.0,1952.0,1944.0,1952.0,17
2024-03-25,1885.7630615234375,1939.0,1957.0,1939.0,1957.0,42
2024-03-26,1875.0650634765625,1928.0,1931.0,1928.0,1931.0,41
2024-03-27,1894.5159912109375,1948.0,1960.0,1939.0,1960.0,416
2024-03-28,1877.01025390625,1930.0,1947.0,1930.0,1947.0,130
2024-03-29,1877.9827880859375,1931.0,1941.0,1931.0,1941.0,12
2024-04-01,1842.97119140625,1895.0,1941.0,1895.0,1941.0,137
2024-04-02,1838.1083984375,1890.0,1899.0,1890.0,1892.0,49
2024-04-03,1841.99853515625,1894.0,1899.0,1882.0,1882.0,516
2024-04-04,1867.2847900390625,1920.0,1925.0,1904.0,1904.0,200
2024-04-05,1840.0535888671875,1892.0,1898.0,1882.0,1894.0,152
2024-04-08,1848.8065185546875,1901.0,1906.0,1901.0,1906.0,3
2024-04-09,1859.5045166015625,1912.0,1913.0,1903.0,1909.0,54
2024-04-10,1860.4769287109375,1913.0,1919.0,1913.0,1919.0,4
2024-04-11,1858.5318603515625,1911.0,1913.0,1893.0,1893.0,86
2024-04-12,1865.33984375,1918.0,1919.0,1910.0,1919.0,3
2024-04-15,1854.6416015625,1907.0,1907.0,1898.0,1899.0,134
2024-04-16,1817.6851806640625,1869.0,1887.0,1865.0,1887.0,220
2024-04-17,1795.3165283203125,1846.0,1863.0,1840.0,1863.0,50
2024-04-18,1801.1517333984375,1852.0,1858.0,1838.0,1841.0,135
2024-04-19,1769.057861328125,1819.0,1835.0,1797.0,1834.0,878
2024-04-22,1798.234130859375,1849.0,1850.0,1830.0,1830.0,101
2024-04-23,1789.481201171875,1840.0,1849.0,1835.0,1849.0,1052
2024-04-24,1825.721435546875,1864.0,1864.0,1859.0,1859.0,59
2024-04-25,1801.23486328125,1839.0,1852.0,1838.0,1850.0,53
2024-04-26,1817.8857421875,1856.0,1860.0,1835.0,1835.0,15
2024-04-30,1833.5572509765625,1872.0,1874.0,1857.0,1869.0,266
2024-05-01,1819.8446044921875,1858.0,1872.0,1847.0,1872.0,165
2024-05-02,1810.050048828125,1848.0,1859.0,1846.0,1859.0,58
2024-05-07,1813.9678955078125,1852.0,1871.0,1852.0,1871.0,10
2024-05-08,1818.865234375,1857.0,1857.0,1852.0,1852.0,9
2024-05-09,1794.378662109375,1832.0,1883.0,1828.0,1883.0,12248
2024-05-10,1799.27587890625,1837.0,1854.0,1830.0,1854.0,128
2024-05-13,1809.070556640625,1847.0,1847.0,1833.0,1838.0,127
2024-05-14,1804.1732177734375,1842.0,1884.0,1838.0,1884.0,22
2024-05-15,1813.9678955078125,1852.0,1852.0,1849.0,1849.0,14
2024-05-16,1801.23486328125,1839.0,1846.0,1839.0,1846.0,172
2024-05-17,1803.1937255859375,1841.0,1841.0,1832.0,1837.0,21
2024-05-20,1826.700927734375,1865.0,1874.0,1863.0,1864.0,250
2024-05-21,1831.59814453125,1870.0,1876.0,1870.0,1872.0,6
2024-05-22,1825.721435546875,1864.0,1875.0,1862.0,1870.0,55
2024-05-23,1820.82421875,1859.0,1861.0,1842.0,1842.0,83
2024-05-24,1814.947265625,1853.0,1855.0,1849.0,1849.0,47
2024-05-27,1825.721435546875,1864.0,1864.0,1850.0,1853.0,28
2024-05-28,1827.6802978515625,1866.0,1866.0,1865.0,1865.0,222
2024-05-29,1829.6392822265625,1868.0,1868.0,1868.0,1868.0,1
2024-05-30,1806.132080078125,1844.0,1845.0,1828.0,1839.0,247
2024-05-31,1844.3311767578125,1883.0,1883.0,1858.0,1864.0,19
2024-06-03,1851.1875,1890.0,1898.0,1884.0,1884.0,212
2024-06-04,1850.2080078125,1889.0,1930.0,1876.0,1930.0,158
2024-06-05,1826.700927734375,1865.0,1869.0,1865.0,1869.0,32
2024-06-06,1838.45458984375,1877.0,1880.0,1831.0,1831.0,18
2024-06-07,1830.618896484375,1869.0,1873.0,1869.0,1872.0,17
2024-06-10,1850.2080078125,1889.0,1889.0,1861.0,1861.0,61
2024-06-11,1845.310791015625,1884.0,1889.0,1883.0,1883.0,103
2024-06-12,1836.49560546875,1875.0,1878.0,1875.0,1876.0,206
2024-06-13,1831.59814453125,1870.0,1876.0,1870.0,1876.0,2
2024-06-14,1841.392822265625,1880.0,1880.0,1840.0,1840.0,422
2024-06-17,1816.9063720703125,1855.0,1883.0,1850.0,1883.0,54
2024-06-18,1839.4339599609375,1878.0,1883.0,1870.0,1873.0,87
2024-06-19,1843.351806640625,1882.0,1894.0,1882.0,1893.0,237
2024-06-20,1842.372314453125,1881.0,1881.0,1875.0,1880.0,115
2024-06-21,1855.1053466796875,1894.0,1905.0,1892.0,1900.0,163
2024-06-24,1872.73583984375,1912.0,1913.0,1890.0,1890.0,192
2024-06-25,1884.4892578125,1924.0,1925.0,1915.0,1915.0,134
2024-06-26,1901.1402587890625,1941.0,1945.0,1930.0,1930.0,77
2024-06-27,1909.955322265625,1950.0,1950.0,1925.0,1941.0,128
2024-06-28,1905.05810546875,1945.0,1956.0,1935.0,1952.0,289
2024-07-01,1906.0374755859375,1946.0,1954.0,1942.0,1947.0,34
2024-07-02,1925.6268310546875,1966.0,1966.0,1948.0,1950.0,572
2024-07-03,1954.03125,1995.0,1995.0,1973.0,1973.0,97
2024-07-04,1971.66162109375,2013.0,2013.0,1998.0,2006.0,355
2024-07-05,1956.9696044921875,1998.0,2017.0,1998.0,2017.0,4423
2024-07-08,1949.134033203125,1990.0,1995.0,1985.0,1995.0,67
2024-07-09,1945.216064453125,1986.0,1986.0,1979.0,1986.0,226
2024-07-10,1941.2982177734375,1982.0,1983.0,1971.0,1982.0,14
2024-07-11,1962.8465576171875,2004.0,2011.0,1998.0,2011.0,148
2024-07-12,1946.195556640625,1987.0,1990.0,1969.0,1969.0,12640
2024-07-16,1965.784912109375,2007.0,2007.0,2005.0,2005.0,238
2024-07-17,1969.7027587890625,2011.0,2011.0,2002.0,2002.0,27
2024-07-18,1947.175048828125,1988.0,1990.0,1982.0,1985.0,432
2024-07-19,1939.33935546875,1980.0,1980.0,1980.0,1980.0,120
2024-07-22,1920.7296142578125,1961.0,1961.0,1961.0,1961.0,5
2024-07-23,1923.66796875,1964.0,1964.0,1964.0,1964.0,2
2024-07-24,1891.3455810546875,1931.0,1950.0,1931.0,1950.0,602
2024-07-25,1842.372314453125,1881.0,1901.0,1863.0,1895.0,466
2024-07-26,1849.2286376953125,1888.0,1903.0,1885.0,1890.0,166
2024-07-29,1887.427734375,1927.0,1927.0,1918.0,1918.0,107
2024-07-30,1883.5098876953125,1923.0,1927.0,1919.0,1919.0,113
2024-07-31,1882.5302734375,1922.0,1922.0,1922.0,1922.0,1
2024-08-01,1855.1053466796875,1894.0,1908.0,1894.0,1908.0,12
2024-08-02,1755.2000732421875,1792.0,1974.0,1792.0,1974.0,15
2024-08-05,1363.414306640625,1392.0,1709.0,1392.0,1684.0,465
2024-08-06,1657.2535400390625,1692.0,1692.0,1411.0,1411.0,18
2024-08-07,1770.8714599609375,1808.0,1815.0,1700.0,1700.0,380
2024-08-08,1749.3232421875,1786.0,1807.0,1766.0,1807.0,26
2024-08-09,1729.73388671875,1766.0,1787.0,1766.0,1783.0,198
2024-08-13,1762.0562744140625,1799.0,1800.0,1727.0,1727.0,29
2024-08-14,1785.5634765625,1823.0,1836.0,1821.0,1826.0,249
2024-08-15,1802.2142333984375,1840.0,1842.0,1825.0,1825.0,14
2024-08-16,1835.51611328125,1874.0,1874.0,1871.0,1872.0,51
2024-08-19,1833.5572509765625,1872.0,1875.0,1869.0,1874.0,10266
2024-08-20,1845.310791015625,1884.0,1884.0,1866.0,1866.0,23
2024-08-21,1830.618896484375,1869.0,1869.0,1862.0,1862.0,5944
2024-08-22,1828.659912109375,1867.0,1874.0,1867.0,1874.0,42
2024-08-23,1854.1258544921875,1893.0,1893.0,1877.0,1879.0,175
2024-08-26,1827.6802978515625,1866.0,1889.0,1866.0,1889.0,30
2024-08-27,1843.351806640625,1882.0,1882.0,1869.0,1869.0,1526
2024-08-28,1843.351806640625,1882.0,1885.0,1880.0,1885.0,71
2024-08-29,1844.3311767578125,1883.0,1883.0,1877.0,1877.0,2
2024-08-30,1861.961669921875,1901.0,1901.0,1884.0,1884.0,14
2024-09-02,1860.982177734375,1900.0,1904.0,1900.0,1904.0,28
2024-09-03,1878.6126708984375,1918.0,1924.0,1917.0,1917.0,21
2024-09-04,1833.5572509765625,1872.0,1878.0,1868.0,1878.0,18
2024-09-05,1822.7830810546875,1861.0,1875.0,1853.0,1853.0,21751
2024-09-06,1821.8035888671875,1860.0,1860.0,1860.0,1860.0,1
2024-09-09,1793.399169921875,1831.0,1831.0,1799.0,1820.0,52
2024-09-10,1792.419677734375,1830.0,1837.0,1830.0,1837.0,8133
2024-09-11,1757.158935546875,1794.0,1831.0,1794.0,1831.0,5
2024-09-12,1791.440185546875,1829.0,1829.0,1829.0,1829.0,10
2024-09-13,1789.481201171875,1827.0,1830.0,1815.0,1815.0,3
2024-09-17,1769.891845703125,1807.0,1867.0,1807.0,1867.0,19
2024-09-18,1794.378662109375,1832.0,1832.0,1828.0,1831.0,11
2024-09-19,1810.050048828125,1848.0,1848.0,1848.0,1848.0,1002
2024-09-20,1840.4134521484375,1879.0,1879.0,1873.0,1876.0,12
2024-09-24,1859.0233154296875,1898.0,1904.0,1898.0,1899.0,65
2024-09-25,1853.146484375,1892.0,1908.0,1892.0,1908.0,43
2024-09-26,1888.4071044921875,1928.0,1928.0,1893.0,1893.0,19
2024-09-27,1924.647216796875,1965.0,1965.0,1950.0,1950.0,23
2024-09-30,1870.77685546875,1910.0,1926.0,1905.0,1925.0,59
2024-10-01,1911.914306640625,1952.0,1952.0,1916.0,1916.0,3122
2024-10-02,1874.6947021484375,1914.0,1914.0,1914.0,1914.0,2
2024-10-03,1913.873291015625,1954.0,1965.0,1954.0,1965.0,124
2024-10-04,1898.2017822265625,1938.0,1940.0,1938.0,1940.0,2
2024-10-07,1911.914306640625,1952.0,1962.0,1952.0,1961.0,132
2024-10-08,1896.2427978515625,1936.0,1943.0,1936.0,1943.0,4
2024-10-09,1898.2017822265625,1938.0,1945.0,1938.0,1945.0,3
2024-10-10,1897.222412109375,1937.0,1937.0,1937.0,1937.0,2
2024-10-11,1897.222412109375,1937.0,1938.0,1936.0,1936.0,5
2024-10-15,1907.01708984375,1947.0,1960.0,1947.0,1960.0,6
2024-10-16,1878.6126708984375,1918.0,1931.0,1918.0,1922.0,18
2024-10-17,1870.77685546875,1910.0,1921.0,1910.0,1920.0,46
2024-10-18,1861.961669921875,1901.0,1915.0,1901.0,1912.0,44
2024-10-21,1860.0025634765625,1899.0,1899.0,1899.0,1899.0,2
2024-10-22,1832.5777587890625,1871.0,1889.0,1869.0,1889.0,5
2024-10-23,1823.7625732421875,1862.0,1862.0,1860.0,1860.0,3
2024-10-24,1813.8990478515625,1839.0,1839.0,1839.0,1839.0,1
2024-10-25,1814.88525390625,1840.0,1856.0,1840.0,1856.0,5
2024-10-28,1846.4486083984375,1872.0,1872.0,1851.0,1851.0,5
2024-10-29,1862.230224609375,1888.0,1888.0,1874.0,1874.0,25
2024-10-30,1864.202880859375,1890.0,1890.0,1890.0,1890.0,1
2024-10-31,1865.189208984375,1891.0,1891.0,1889.0,1889.0,2
2024-11-01,1817.8443603515625,1843.0,1851.0,1843.0,1851.0,12
2024-11-05,1841.516845703125,1867.0,1883.0,1863.0,1883.0,106
2024-11-06,1846.4486083984375,1872.0,1872.0,1872.0,1872.0,50
2024-11-07,1846.4486083984375,1872.0,1872.0,1872.0,1872.0,0
2024-11-08,1889.8480224609375,1916.0,1916.0,1916.0,1916.0,1
2024-11-11,1872.09375,1898.0,1904.0,1898.0,1904.0,3
2024-11-12,1871.1072998046875,1897.0,1916.0,1897.0,1904.0,45
2024-11-13,1855.32568359375,1881.0,1906.0,1881.0,1906.0,5
2024-11-14,1854.33935546875,1880.0,1900.0,1880.0,1884.0,52
2024-11-15,1853.35302734375,1879.0,1881.0,1879.0,1881.0,2
2024-11-18,1833.6260986328125,1859.0,1862.0,1859.0,1862.0,6
2024-11-19,1833.6260986328125,1859.0,1867.0,1853.0,1853.0,55
2024-11-20,1837.5714111328125,1863.0,1870.0,1860.0,1860.0,144
2024-11-21,1835.5987548828125,1861.0,1861.0,1861.0,1861.0,2
2024-11-22,1838.5577392578125,1864.0,1864.0,1860.0,1862.0,102
2024-11-25,1850.3939208984375,1876.0,1886.0,1870.0,1874.0,16599
2024-11-26,1843.4896240234375,1869.0,1869.0,1869.0,1869.0,11
2024-11-27,1835.5987548828125,1861.0,1861.0,1861.0,1861.0,3
2024-11-28,1837.5714111328125,1863.0,1863.0,1853.0,1853.0,57
2024-11-29,1847.4349365234375,1873.0,1873.0,1862.0,1862.0,4
2024-12-02,1848.4212646484375,1874.0,1874.0,1870.0,1872.0,12
2024-12-03,1878.9981689453125,1905.0,1905.0,1880.0,1880.0,6
2024-12-04,1853.35302734375,1879.0,1897.0,1878.0,1897.0,7903
2024-12-05,1858.2847900390625,1884.0,1884.0,1880.0,1880.0,2
2024-12-06,1847.4349365234375,1873.0,1883.0,1873.0,1883.0,3
2024-12-09,1861.2437744140625,1887.0,1887.0,1878.0,1881.0,21
2024-12-10,1860.2574462890625,1886.0,1897.0,1886.0,1897.0,2
2024-12-11,1851.38037109375,1877.0,1877.0,1872.0,1876.0,20737
2024-12-12,1876.0391845703125,1902.0,1902.0,1896.0,1896.0,5
2024-12-13,1854.33935546875,1880.0,1884.0,1862.0,1862.0,3042
2024-12-16,1842.503173828125,1868.0,1887.0,1868.0,1887.0,15
2024-12-17,1854.33935546875,1880.0,1881.0,1867.0,1867.0,3407
2024-12-18,1848.4212646484375,1874.0,1881.0,1871.0,1879.0,7647
2024-12-19,1835.5987548828125,1861.0,1861.0,1840.0,1840.0,39
2024-12-20,1834.6123046875,1860.0,1866.0,1860.0,1866.0,3
2024-12-23,1838.5577392578125,1864.0,1864.0,1864.0,1864.0,1
2024-12-24,1839.544189453125,1865.0,1865.0,1830.0,1830.0,325
2024-12-25,1850.3939208984375,1876.0,1876.0,1863.0,1869.0,45
2024-12-26,1858.2847900390625,1884.0,1884.0,1877.0,1877.0,62
2024-12-27,1891.82080078125,1918.0,1918.0,1918.0,1918.0,2
2024-12-30,1885.9027099609375,1912.0,1928.0,1912.0,1928.0,187
2025-01-06,1873.0799560546875,1899.0,1931.0,1899.0,1931.0,206
2025-01-07,1893.79345703125,1920.0,1920.0,1905.0,1905.0,4
2025-01-08,1913.5203857421875,1940.0,1940.0,1910.0,1919.0,5
2025-01-09,1858.2847900390625,1884.0,1909.0,1880.0,1909.0,13
2025-01-10,1854.33935546875,1880.0,1885.0,1880.0,1885.0,3
2025-01-14,1819.817138671875,1845.0,1880.0,1839.0,1880.0,128
2025-01-15,1824.748779296875,1850.0,1850.0,1846.0,1846.0,9
2025-01-16,1823.7625732421875,1849.0,1857.0,1849.0,1851.0,4
2025-01-17,1806.99462890625,1832.0,1839.0,1826.0,1839.0,204
2025-01-20,1837.5714111328125,1863.0,1863.0,1844.0,1852.0,3154
2025-01-21,1840.5303955078125,1866.0,1872.0,1866.0,1872.0,2
2025-01-22,1865.189208984375,1891.0,1891.0,1867.0,1867.0,3
2025-01-23,1878.9981689453125,1905.0,1905.0,1905.0,1905.0,6
2025-01-24,1889.8480224609375,1916.0,1916.0,1910.0,1910.0,6
2025-01-27,1803.0491943359375,1828.0,1956.0,1828.0,1956.0,546
2025-01-28,1871.1072998046875,1897.0,1897.0,1878.0,1878.0,30
2025-01-29,1875.052734375,1901.0,1901.0,1899.0,1899.0,3
2025-01-30,1864.202880859375,1890.0,1891.0,1890.0,1891.0,2
2025-01-31,1890.8343505859375,1917.0,1922.0,1908.0,1908.0,18899
2025-02-03,1848.4212646484375,1874.0,1912.0,1869.0,1887.0,15128
2025-02-04,1871.1072998046875,1897.0,1900.0,1897.0,1899.0,4
2025-02-05,1861.2437744140625,1887.0,1937.0,1887.0,1937.0,203
2025-02-06,1861.2437744140625,1887.0,1887.0,1887.0,1887.0,0
2025-02-07,1861.2437744140625,1887.0,1887.0,1887.0,1887.0,0
2025-02-10,1856.3121337890625,1882.0,1887.0,1879.0,1887.0,476
2025-02-12,1864.202880859375,1890.0,1890.0,1880.0,1882.0,188
2025-02-13,1879.9844970703125,1906.0,1906.0,1906.0,1906.0,1
2025-02-14,1861.2437744140625,1887.0,1894.0,1885.0,1894.0,14
2025-02-17,1852.36669921875,1878.0,1888.0,1878.0,1888.0,147
2025-02-18,1853.35302734375,1879.0,1879.0,1879.0,1879.0,1
2025-02-19,1863.2164306640625,1889.0,1889.0,1889.0,1889.0,1
2025-02-20,1832.6396484375,1858.0,1875.0,1858.0,1875.0,14
2025-02-21,1833.6260986328125,1859.0,1859.0,1858.0,1858.0,32
2025-02-25,1824.748779296875,1850.0,1851.0,1850.0,1851.0,8
2025-02-26,1824.748779296875,1850.0,1851.0,1841.0,1848.0,26
2025-02-27,1831.6533203125,1857.0,1859.0,1853.0,1853.0,3
2025-02-28,1793.1856689453125,1818.0,1834.0,1818.0,1834.0,30
2025-03-03,1803.0491943359375,1828.0,1858.0,1828.0,1858.0,22
2025-03-04,1806.99462890625,1832.0,1835.0,1820.0,1835.0,19
2025-03-05,1893.79345703125,1920.0,1920.0,1838.0,1872.0,17
2025-03-06,1838.5577392578125,1864.0,1880.0,1855.0,1880.0,3
2025-03-07,1837.5714111328125,1863.0,1863.0,1863.0,1863.0,1
2025-03-10,1821.789794921875,1847.0,1847.0,1840.0,1840.0,23
2025-03-11,1781.3494873046875,1806.0,1818.0,1786.0,1818.0,11
2025-03-12,1799.103759765625,1824.0,1827.0,1807.0,1807.0,3
2025-03-13,1813.8990478515625,1839.0,1839.0,1803.0,1803.0,25
2025-03-14,1813.8990478515625,1839.0,1839.0,1837.0,1838.0,12
2025-03-17,1825.7352294921875,1851.0,1851.0,1851.0,1851.0,3
2025-03-18,1852.36669921875,1878.0,1878.0,1855.0,1855.0,16
2025-03-19,1853.35302734375,1879.0,1879.0,1879.0,1879.0,1
2025-03-21,1864.202880859375,1890.0,1919.0,1890.0,1919.0,2
2025-03-24,1863.2164306640625,1889.0,1890.0,1889.0,1890.0,2
2025-03-25,1850.3939208984375,1876.0,1888.0,1876.0,1888.0,9
2025-03-26,1866.1756591796875,1892.0,1892.0,1886.0,1886.0,2
2025-03-27,1857.29833984375,1883.0,1883.0,1879.0,1879.0,2
2025-03-28,1855.32568359375,1881.0,1881.0,1881.0,1881.0,2
2025-03-31,1790.2265625,1815.0,1828.0,1811.0,1822.0,514
2025-04-01,1818.8306884765625,1844.0,1844.0,1840.0,1840.0,5
2025-04-02,1790.2265625,1815.0,1839.0,1808.0,1839.0,7
2025-04-03,1739.922607421875,1764.0,1775.0,1760.0,1775.0,45
2025-04-04,1699.4822998046875,1723.0,1764.0,1700.0,1764.0,18
2025-04-07,1556.4615478515625,1578.0,1618.0,1393.0,1393.0,159
2025-04-08,1652.137451171875,1675.0,1683.0,1604.0,1604.0,50
2025-04-09,1608.738037109375,1631.0,1675.0,1617.0,1675.0,3817
2025-04-10,1716.2503662109375,1740.0,1778.0,1728.0,1778.0,32
2025-04-11,1699.4822998046875,1723.0,1723.0,1686.0,1700.0,9
2025-04-14,1729.0728759765625,1753.0,1753.0,1738.0,1738.0,10
2025-04-15,1730.05908203125,1754.0,1756.0,1752.0,1756.0,5
2025-04-16,1726.11376953125,1750.0,1794.0,1749.0,1794.0,11
2025-04-17,1739.922607421875,1764.0,1765.0,1751.0,1751.0,3
2025-04-18,1767.54052734375,1792.0,1792.0,1771.0,1777.0,17
2025-04-21,1768.52685546875,1793.0,1793.0,1791.0,1792.0,3
2025-04-22,1762.6087646484375,1787.0,1787.0,1787.0,1787.0,2
2025-04-23,1776.4176025390625,1801.0,1801.0,1801.0,1801.0,4
2025-04-24,1789.3406982421875,1800.0,1802.0,1800.0,1802.0,2
2025-04-25,1796.2991943359375,1807.0,1807.0,1807.0,1807.0,4
2025-04-28,1839.0445556640625,1850.0,1850.0,1837.0,1837.0,2
2025-04-30,1864.890625,1876.0,1877.0,1876.0,1877.0,54
2025-05-01,1863.8966064453125,1875.0,1887.0,1875.0,1887.0,4
2025-05-02,1885.7662353515625,1897.0,1900.0,1889.0,1897.0,18
2025-05-07,1895.70703125,1907.0,1910.0,1897.0,1897.0,118
2025-05-08,1905.6478271484375,1917.0,1917.0,1906.0,1913.0,29
2025-05-09,1945.4110107421875,1957.0,1957.0,1926.0,1926.0,24
2025-05-12,1950.38134765625,1962.0,1967.0,1955.0,1967.0,9
2025-05-13,1951.3753662109375,1963.0,1981.0,1963.0,1981.0,322
2025-05-14,1930.499755859375,1942.0,1962.0,1942.0,1962.0,25
2025-05-15,1927.517578125,1939.0,1943.0,1936.0,1943.0,5
2025-05-16,1923.541259765625,1935.0,1947.0,1928.0,1947.0,1080
2025-05-19,1923.541259765625,1935.0,1937.0,1934.0,1934.0,6
2025-05-20,1928.5115966796875,1940.0,1951.0,1940.0,1940.0,16
2025-05-21,1923.541259765625,1935.0,1939.0,1935.0,1939.0,2
2025-05-22,1919.56494140625,1931.0,1934.0,1924.0,1924.0,4
2025-05-23,1922.547119140625,1934.0,1934.0,1928.0,1928.0,67
2025-05-26,1937.4583740234375,1949.0,1949.0,1920.0,1920.0,117
2025-05-27,1938.452392578125,1950.0,1950.0,1947.0,1948.0,153
2025-05-28,1948.3931884765625,1960.0,1960.0,1960.0,1960.0,2
2025-05-29,1953.363525390625,1965.0,1965.0,1958.0,1964.0,4
2025-05-30,1956.3458251953125,1968.0,1968.0,1953.0,1953.0,18
2025-06-02,1938.452392578125,1950.0,1968.0,1950.0,1968.0,6
2025-06-03,1942.4287109375,1954.0,1954.0,1951.0,1951.0,2502
2025-06-04,1924.5352783203125,1936.0,1943.0,1936.0,1943.0,2
2025-06-05,1907.635986328125,1919.0,1936.0,1919.0,1936.0,12
2025-06-06,1916.5826416015625,1928.0,1928.0,1928.0,1928.0,1
2025-06-09,1942.4287109375,1954.0,1965.0,1953.0,1965.0,105
2025-06-10,1941.4346923828125,1953.0,1960.0,1953.0,1955.0,60
2025-06-11,1948.3931884765625,1960.0,1960.0,1955.0,1955.0,12
2025-06-12,1946.405029296875,1958.0,1980.0,1958.0,1959.0,22
2025-06-13,1944.4168701171875,1956.0,1957.0,1950.0,1957.0,67
2025-06-16,1959.3280029296875,1971.0,1974.0,1970.0,1974.0,158
2025-06-17,1968.2747802734375,1980.0,1980.0,1972.0,1972.0,7
2025-06-18,1969.268798828125,1981.0,1981.0,1977.0,1977.0,8
2025-06-19,1968.2747802734375,1980.0,1983.0,1980.0,1983.0,2
2025-06-20,1967.2806396484375,1979.0,1981.0,1979.0,1979.0,102
2025-06-23,1963.3043212890625,1975.0,1975.0,1975.0,1975.0,1
2025-06-24,1978.215576171875,1990.0,1991.0,1980.0,1980.0,234
2025-06-25,1966.28662109375,1978.0,1989.0,1978.0,1989.0,7
2025-06-26,1988.1563720703125,2000.0,2000.0,1979.0,1979.0,13
2025-06-27,2012.01416015625,2024.0,2024.0,2001.0,2001.0,2
2025-06-30,2044.8187255859375,2057.0,2057.0,2050.0,2050.0,51
2025-07-01,2027.91943359375,2040.0,2107.0,2040.0,2107.0,17
2025-07-02,2027.91943359375,2040.0,2041.0,2032.0,2032.0,8
2025-07-03,2017.9786376953125,2030.0,2090.0,2030.0,2090.0,227
2025-07-04,2022.9490966796875,2035.0,2044.0,2034.0,2044.0,9
2025-07-07,2022.9490966796875,2035.0,2039.0,2034.0,2039.0,413
2025-07-08,2021.9549560546875,2034.0,2038.0,2034.0,2038.0,16
2025-07-09,2032.889892578125,2045.0,2074.0,2044.0,2074.0,187
2025-07-10,2025.9312744140625,2038.0,2095.0,2038.0,2095.0,293
2025-07-11,2026.9254150390625,2039.0,2039.0,2039.0,2039.0,1
2025-07-14,2021.9549560546875,2034.0,2086.0,2030.0,2086.0,36
2025-07-15,2014.0023193359375,2026.0,2084.0,2026.0,2084.0,504
2025-07-16,2014.9964599609375,2027.0,2076.0,2025.0,2076.0,9
2025-07-17,2015.990478515625,2028.0,2028.0,2026.0,2026.0,2
2025-07-18,2040.8424072265625,2053.0,2054.0,2049.0,2049.0,222
2025-07-22,2038.854248046875,2051.0,2103.0,2051.0,2103.0,16
2025-07-23,2076.62939453125,2089.0,2101.0,2089.0,2101.0,21
2025-07-24,2113.41015625,2126.0,2126.0,2099.0,2099.0,6
2025-07-25,2112.416015625,2125.0,2126.0,2125.0,2126.0,3
2025-07-28,2100.487060546875,2113.0,2126.0,2113.0,2125.0,76
2025-07-29,2093.528564453125,2106.0,2114.0,2103.0,2114.0,106
2025-07-30,2111.422119140625,2124.0,2126.0,2114.0,2114.0,104
2025-07-31,2143.232421875,2156.0,2157.0,2128.0,2128.0,473
2025-08-01,2161.1259765625,2174.0,2175.0,2148.0,2148.0,7
2025-08-04,2136.27392578125,2149.0,2149.0,2124.0,2124.0,87
2025-08-05,2165.102294921875,2178.0,2189.0,2168.0,2189.0,197
2025-08-06,2199.89501953125,2213.0,2213.0,2179.0,2179.0,263
2025-08-07,2208.841552734375,2222.0,2263.0,2217.0,2263.0,651
2025-08-08,2237.669921875,2251.0,2274.0,2242.0,2272.0,47
2025-08-12,2246.61669921875,2260.0,2301.0,2251.0,2301.0,822
2025-08-13,2266.498291015625,2280.0,2311.0,2269.0,2272.0,41738
2025-08-14,2255.563232421875,2269.0,2330.0,2269.0,2330.0,13766
2025-08-15,2277.43310546875,2291.0,2319.0,2273.0,2319.0,137
2025-08-18,2394.734375,2409.0,2409.0,2300.0,2341.0,1214
2025-08-19,2288.367919921875,2302.0,2459.0,2289.0,2459.0,936
2025-08-20,2270.474609375,2284.0,2303.0,2275.0,2303.0,364
2025-08-21,2252.5810546875,2266.0,2278.0,2263.0,2278.0,216
2025-08-22,2263.515869140625,2277.0,2277.0,2265.0,2268.0,302
2025-08-25,2260.53369140625,2274.0,2327.0,2274.0,2327.0,504
2025-08-26,2249.598876953125,2263.0,2263.0,2250.0,2250.0,515
2025-08-27,2257.551513671875,2271.0,2271.0,2250.0,2250.0,227
2025-08-28,2270.474609375,2284.0,2284.0,2270.0,2275.0,25
2025-08-29,2277.43310546875,2291.0,2334.0,2288.0,2334.0,287
2025-09-01,2249.598876953125,2263.0,2276.0,2256.0,2273.0,74
2025-09-02,2255.563232421875,2269.0,2278.0,2264.0,2264.0,334
2025-09-03,2241.646240234375,2255.0,2270.0,2253.0,2270.0,28
2025-09-04,2287.373779296875,2301.0,2301.0,2269.0,2269.0,53
2025-09-05,2280.415283203125,2294.0,2304.0,2290.0,2302.0,433
2025-09-08,2310.237548828125,2324.0,2324.0,2300.0,2300.0,435
2025-09-09,2286.3798828125,2300.0,2331.0,2300.0,2331.0,191
2025-09-10,2293.33837890625,2307.0,2310.0,2303.0,2303.0,137
2025-09-11,2335.089599609375,2349.0,2360.0,2310.0,2310.0,427
2025-09-12,2334.095458984375,2348.0,2399.0,2348.0,2399.0,563
2025-09-16,2359.941650390625,2374.0,2375.0,2366.0,2374.0,187
2025-09-17,2342.048095703125,2356.0,2360.0,2353.0,2360.0,666
2025-09-18,2361.9296875,2376.0,2380.0,2352.0,2356.0,2841
2025-09-19,2348.0126953125,2362.0,2445.0,2345.0,2426.0,428
2025-09-22,2364.911865234375,2379.0,2380.0,2312.0,2312.0,40
2025-09-24,2356.959228515625,2371.0,2427.0,2361.0,2427.0,155
2025-09-25,2381.811279296875,2396.0,2421.0,2382.0,2421.0,33
2025-09-26,2371.87060546875,2386.0,2401.0,2386.0,2395.0,557
2025-09-29,2354.97119140625,2369.0,2436.0,2365.0,2436.0,491
2025-09-30,2367.894287109375,2382.0,2419.0,2369.0,2419.0,64
2025-10-01,2341.053955078125,2355.0,2432.0,2343.0,2432.0,268
2025-10-02,2346.0244140625,2360.0,2405.0,2360.0,2405.0,352
2025-10-03,2369.88232421875,2384.0,2384.0,2372.0,2372.0,106
2025-10-06,2449.40869140625,2464.0,2476.0,2445.0,2476.0,1162
2025-10-07,2450.402587890625,2465.0,2514.0,2460.0,2514.0,247
2025-10-08,2455.373046875,2470.0,2470.0,2461.0,2461.0,86
2025-10-09,2598.520263671875,2614.0,2614.0,2475.0,2475.0,316
2025-10-10,2466.307861328125,2481.0,2630.0,2451.0,2630.0,439
2025-10-14,2393.740234375,2408.0,2451.0,2397.0,2444.0,570
2025-10-15,2447.42041015625,2462.0,2468.0,2438.0,2457.0,238
2025-10-16,2487.18359375,2502.0,2512.0,2482.0,2512.0,703
2025-10-17,2466.307861328125,2481.0,2600.0,2481.0,2552.0,743
2025-10-20,2538.875732421875,2554.0,2555.0,2530.0,2531.0,1861
2025-10-21,2554.78076171875,2570.0,2660.0,2568.0,2660.0,856
2025-10-22,2555.77490234375,2571.0,2620.0,2530.0,2620.0,1018
2025-10-23,2518.0,2533.0,2546.0,2506.0,2506.0,277
2025-10-27,2628.0,2628.0,2628.0,2595.0,2610.0,439
2025-10-28,2589.0,2589.0,2678.0,2589.0,2678.0,325
2025-10-29,2569.0,2569.0,2593.0,2567.0,2593.0,404
2025-10-30,2621.0,2621.0,2623.0,2541.0,2541.0,935
2025-10-31,2631.0,2631.0,2640.0,2615.0,2621.0,512
2025-11-04,2597.0,2597.0,2702.0,2597.0,2680.0,920
2025-11-05,2548.0,2548.0,2647.0,2497.0,2647.0,4946
2025-11-06,2560.0,2560.0,2598.0,2549.0,2598.0,194
2025-11-07,2530.0,2530.0,2558.0,2510.0,2510.0,1602
2025-11-10,2590.0,2590.0,2592.0,2564.0,2564.0,1105
2025-11-11,2586.0,2586.0,2640.0,2584.0,2640.0,998
2025-11-12,2610.0,2610.0,2616.0,2589.0,2589.0,144
2025-11-13,2615.0,2615.0,2660.0,2615.0,2660.0,102
2025-11-14,2596.0,2596.0,2665.0,2596.0,2665.0,202
2025-11-17,2602.0,2602.0,2604.0,2597.0,2600.0,350
2025-11-18,2521.0,2521.0,2629.0,2521.0,2629.0,509
2025-11-19,2522.0,2522.0,2549.0,2520.0,2540.0,482
2025-11-20,2561.0,2561.0,2622.0,2557.0,2622.0,936
2025-11-21,2524.0,2524.0,2562.0,2511.0,2511.0,699
2025-11-25,2511.0,2511.0,2574.0,2511.0,2574.0,1281
2025-11-26,2568.0,2568.0,2586.0,2560.0,2560.0,1110
2025-11-27,2584.0,2584.0,2600.0,2572.0,2600.0,528
2025-11-28,2589.0,2589.0,2634.0,2584.0,2634.0,215
2025-12-01,2566.0,2566.0,2638.0,2560.0,2638.0,179
2025-12-02,2554.0,2554.0,2583.0,2554.0,2583.0,365
2025-12-03,2549.0,2549.0,2562.0,2542.0,2562.0,87
2025-12-04,2575.0,2575.0,2599.0,2542.0,2599.0,88
2025-12-05,2564.0,2564.0,2625.0,2551.0,2625.0,639
2025-12-08,2583.0,2583.0,2583.0,2550.0,2550.0,711
2025-12-09,2562.0,2562.0,2633.0,2562.0,2633.0,464
2025-12-10,2565.0,2565.0,2581.0,2561.0,2580.0,178
2025-12-11,2531.0,2531.0,2615.0,2530.0,2615.0,406
2025-12-12,2561.0,2561.0,2627.0,2557.0,2581.0,148
2025-12-15,2541.0,2541.0,2611.0,2532.0,2611.0,192
2025-12-16,2515.0,2515.0,2591.0,2515.0,2591.0,92
2025-12-17,2508.0,2508.0,2565.0,2490.0,2565.0,802
2025-12-18,2503.0,2503.0,2558.0,2491.0,2558.0,909
2025-12-19,2547.0,2547.0,2547.0,2503.0,2503.0,1092
2025-12-22,2544.0,2544.0,2618.0,2535.0,2597.0,767
2025-12-23,2562.0,2562.0,2594.0,2542.0,2594.0,364
2025-12-24,2553.0,2553.0,2612.0,2553.0,2612.0,278
2025-12-25,2555.0,2555.0,2602.0,2549.0,2602.0,686
2025-12-26,2560.0,2560.0,2576.0,2554.0,2554.0,1556
2025-12-29,2593.0,2593.0,2640.0,2559.0,2640.0,801
2025-12-30,2558.0,2558.0,2643.0,2553.0,2643.0,574
2026-01-05,2580.0,2580.0,2595.0,2558.0,2558.0,528
2026-01-06,2631.0,2631.0,2635.0,2617.0,2630.0,206
2026-01-07,2641.0,2641.0,2644.0,2630.0,2640.0,233
2026-01-08,2620.0,2620.0,2634.0,2610.0,2634.0,289
2026-01-09,2625.0,2625.0,2670.0,2600.0,2670.0,181
2026-01-13,2650.0,2650.0,2675.0,2636.0,2675.0,589
2026-01-14,2656.0,2656.0,2656.0,2641.0,2649.0,418
2026-01-15,2664.0,2664.0,2674.0,2651.0,2674.0,330
2026-01-16,2671.0,2671.0,2674.0,2668.0,2674.0,99
2026-01-19,2765.0,2765.0,2765.0,2649.0,2721.0,5852
2026-01-20,2641.0,2641.0,2815.0,2636.0,2815.0,1127
2026-01-21,2623.0,2623.0,2641.0,2607.0,2641.0,451
2026-01-22,2646.0,2646.0,2652.0,2610.0,2610.0,119
2026-01-23,2658.0,2658.0,2696.0,2643.0,2696.0,377
2026-01-26,2618.0,2618.0,2708.0,2607.0,2708.0,579
2026-01-27,2616.0,2616.0,2668.0,2593.0,2668.0,608
2026-01-28,2604.0,2604.0,2661.0,2594.0,2661.0,377
2026-01-29,2603.0,2603.0,2634.0,2579.0,2634.0,723
2026-01-30,2585.0,2585.0,2634.0,2566.0,2634.0,471
2026-02-02,2550.0,2550.0,2599.0,2550.0,2550.0,529
2026-02-03,2605.0,2605.0,2605.0,2584.0,2600.0,217
2026-02-04,2584.0,2584.0,2605.0,2572.0,2605.0,482
2026-02-05,2565.0,2565.0,2605.0,2551.0,2551.0,383
2026-02-06,2557.0,2557.0,2566.0,2516.0,2516.0,107
2026-02-09,2643.0,2643.0,2657.0,2623.0,2657.0,3611
2026-02-10,2711.0,2711.0,3021.0,2680.0,2680.0,4927
2026-02-12,2711.0,2711.0,2723.0,2711.0,2723.0,1357
2026-02-13,2648.0,2648.0,2761.0,2639.0,2761.0,804
2026-02-16,2647.0,2647.0,2669.0,2645.0,2669.0,148
2026-02-17,2635.0,2635.0,2640.0,2601.0,2601.0,199
2026-02-18,2666.0,2666.0,2680.0,2650.0,2650.0,206
2026-02-19,2693.0,2693.0,2707.0,2675.0,2675.0,268
2026-02-20,2683.0,2683.0,2743.0,2678.0,2743.0,607
2026-02-24,2682.0,2682.0,2685.0,2668.0,2683.0,3995
2026-02-25,2709.0,2709.0,2732.0,2699.0,2732.0,940
2026-02-26,2742.0,2742.0,2799.0,2738.0,2759.0,185
2026-02-27,2794.0,2794.0,2798.0,2742.0,2745.0,1050
2026-03-02,2781.0,2781.0,2835.0,2750.0,2835.0,1288
2026-03-03,2690.0,2690.0,2777.0,2690.0,2732.0,931
2026-03-04,2608.0,2608.0,2670.0,2572.0,2600.0,10554
2026-03-05,2664.0,2664.0,2800.0,2646.0,2800.0,733
2026-03-06,2681.0,2681.0,2708.0,2637.0,2688.0,392
2026-03-09,2582.0,2582.0,2600.0,2537.0,2600.0,1325
2026-03-10,2623.0,2623.0,2654.0,2615.0,2632.0,272
