period,W,L,tau_enter,tau_exit,n_trades,win_rate,total_return_pct,bnh_pct,gap_vs_bnh,max_dd,avg_hold_days
2009_2012,40,20,0.0,0.0,20,0.35,-20.04,14.95,-34.99,-38.32,27.6
2009_2012,40,20,0.0,0.001,20,0.4,-18.12,14.95,-33.07,-36.84,27.8
2009_2012,40,20,0.0,0.002,18,0.389,-17.69,14.95,-32.64,-36.62,31.0
2009_2012,40,20,0.001,0.0,20,0.35,-22.03,14.95,-36.98,-38.9,27.5
2009_2012,40,20,0.001,0.001,20,0.4,-20.16,14.95,-35.11,-37.43,27.6
2009_2012,40,20,0.001,0.002,18,0.389,-18.81,14.95,-33.76,-36.49,30.9
2009_2012,40,20,0.002,0.0,20,0.35,-21.77,14.95,-36.73,-38.68,27.4
2009_2012,40,20,0.002,0.001,20,0.4,-19.9,14.95,-34.85,-37.21,27.6
2009_2012,40,20,0.002,0.002,18,0.389,-18.55,14.95,-33.5,-36.27,30.8
2009_2012,40,20,0.005,0.0,20,0.35,-21.44,14.95,-36.39,-38.42,27.1
2009_2012,40,20,0.005,0.001,20,0.4,-19.56,14.95,-34.51,-36.94,27.2
2009_2012,40,20,0.005,0.002,18,0.389,-17.75,14.95,-32.71,-35.78,30.6
2009_2012,50,25,0.0,0.0,15,0.333,-17.97,14.95,-32.92,-33.37,36.1
2009_2012,50,25,0.0,0.001,15,0.333,-19.73,14.95,-34.68,-34.49,36.2
2009_2012,50,25,0.0,0.002,15,0.333,-19.06,14.95,-34.01,-33.94,36.3
2009_2012,50,25,0.001,0.0,15,0.333,-18.45,14.95,-33.4,-33.77,36.0
2009_2012,50,25,0.001,0.001,15,0.333,-20.21,14.95,-35.16,-34.88,36.1
2009_2012,50,25,0.001,0.002,15,0.333,-19.54,14.95,-34.49,-34.33,36.2
2009_2012,50,25,0.002,0.0,15,0.333,-19.61,14.95,-34.56,-34.71,35.9
2009_2012,50,25,0.002,0.001,15,0.333,-21.34,14.95,-36.29,-35.8,36.0
2009_2012,50,25,0.002,0.002,15,0.333,-20.68,14.95,-35.63,-35.26,36.1
2009_2012,50,25,0.005,0.0,15,0.333,-26.57,14.95,-41.52,-38.75,35.1
2009_2012,50,25,0.005,0.001,15,0.333,-28.15,14.95,-43.1,-39.78,35.2
2009_2012,50,25,0.005,0.002,15,0.333,-27.55,14.95,-42.5,-39.27,35.3
2009_2012,60,30,0.0,0.0,15,0.267,-23.55,14.95,-38.51,-41.56,36.7
2009_2012,60,30,0.0,0.001,15,0.267,-22.81,14.95,-37.76,-40.99,36.8
2009_2012,60,30,0.0,0.002,15,0.267,-23.97,14.95,-38.92,-40.73,37.1
2009_2012,60,30,0.001,0.0,15,0.267,-28.35,14.95,-43.3,-41.27,36.3
2009_2012,60,30,0.001,0.001,15,0.267,-27.65,14.95,-42.6,-40.69,36.3
2009_2012,60,30,0.001,0.002,15,0.267,-28.74,14.95,-43.69,-40.43,36.7
2009_2012,60,30,0.002,0.0,15,0.267,-31.15,14.95,-46.1,-41.88,36.0
2009_2012,60,30,0.002,0.001,15,0.267,-30.48,14.95,-45.43,-41.31,36.1
2009_2012,60,30,0.002,0.002,15,0.267,-31.53,14.95,-46.48,-41.05,36.4
2009_2012,60,30,0.005,0.0,15,0.267,-29.24,14.95,-44.19,-40.07,35.5
2009_2012,60,30,0.005,0.001,15,0.267,-28.55,14.95,-43.5,-39.48,35.6
2009_2012,60,30,0.005,0.002,15,0.267,-29.63,14.95,-44.58,-39.21,35.9
2009_2012,80,40,0.0,0.0,12,0.417,-21.94,14.95,-36.89,-36.33,49.0
2009_2012,80,40,0.0,0.001,12,0.333,-26.62,14.95,-41.57,-40.15,49.1
2009_2012,80,40,0.0,0.002,12,0.333,-25.89,14.95,-40.84,-39.56,49.2
2009_2012,80,40,0.001,0.0,12,0.417,-22.1,14.95,-37.05,-36.14,48.6
2009_2012,80,40,0.001,0.001,12,0.333,-26.77,14.95,-41.72,-39.97,48.7
2009_2012,80,40,0.001,0.002,12,0.333,-26.05,14.95,-41.0,-39.38,48.8
2009_2012,80,40,0.002,0.0,12,0.417,-24.5,14.95,-39.45,-38.11,48.5
2009_2012,80,40,0.002,0.001,12,0.333,-29.03,14.95,-43.98,-41.82,48.6
2009_2012,80,40,0.002,0.002,12,0.333,-28.33,14.95,-43.28,-41.25,48.8
2009_2012,80,40,0.005,0.0,12,0.417,-27.09,14.95,-42.04,-40.59,47.5
2009_2012,80,40,0.005,0.001,12,0.333,-31.46,14.95,-46.42,-44.15,47.6
2009_2012,80,40,0.005,0.002,12,0.333,-30.79,14.95,-45.74,-43.61,47.8
2009_2012,100,50,0.0,0.0,12,0.417,-14.58,14.95,-29.54,-28.15,49.6
2009_2012,100,50,0.0,0.001,12,0.417,-14.7,14.95,-29.65,-28.25,49.8
2009_2012,100,50,0.0,0.002,12,0.417,-12.96,14.95,-27.91,-26.96,50.2
2009_2012,100,50,0.001,0.0,12,0.417,-13.35,14.95,-28.3,-27.99,49.3
2009_2012,100,50,0.001,0.001,12,0.417,-13.47,14.95,-28.42,-28.09,49.5
2009_2012,100,50,0.001,0.002,12,0.417,-11.7,14.95,-26.66,-26.79,49.9
2009_2012,100,50,0.002,0.0,12,0.417,-18.68,14.95,-33.63,-31.86,48.8
2009_2012,100,50,0.002,0.001,12,0.417,-18.79,14.95,-33.74,-31.96,49.0
2009_2012,100,50,0.002,0.002,12,0.417,-17.13,14.95,-32.08,-30.73,49.4
2009_2012,100,50,0.005,0.0,12,0.5,-19.3,14.95,-34.25,-30.27,48.2
2009_2012,100,50,0.005,0.001,12,0.5,-19.42,14.95,-34.37,-30.37,48.3
2009_2012,100,50,0.005,0.002,12,0.5,-17.77,14.95,-32.72,-29.11,48.8
2013_2016,40,20,0.0,0.0,19,0.526,21.81,78.84,-57.03,-13.37,31.8
2013_2016,40,20,0.0,0.001,19,0.474,21.22,78.84,-57.61,-14.44,32.0
2013_2016,40,20,0.0,0.002,19,0.474,21.06,78.84,-57.78,-14.59,32.1
2013_2016,40,20,0.001,0.0,17,0.529,22.66,78.84,-56.18,-13.06,35.1
2013_2016,40,20,0.001,0.001,17,0.588,23.47,78.84,-55.37,-13.06,35.2
2013_2016,40,20,0.001,0.002,17,0.588,23.92,78.84,-54.91,-13.06,35.3
2013_2016,40,20,0.002,0.0,17,0.529,21.03,78.84,-57.81,-14.21,35.1
2013_2016,40,20,0.002,0.001,17,0.588,21.82,78.84,-57.01,-14.21,35.2
2013_2016,40,20,0.002,0.002,17,0.588,22.27,78.84,-56.56,-14.21,35.2
2013_2016,40,20,0.005,0.0,17,0.471,23.07,78.84,-55.77,-13.93,34.6
2013_2016,40,20,0.005,0.001,17,0.529,23.86,78.84,-54.98,-13.93,34.7
2013_2016,40,20,0.005,0.002,17,0.529,24.32,78.84,-54.52,-13.93,34.8
2013_2016,50,25,0.0,0.0,16,0.375,-1.65,78.84,-80.49,-27.95,37.3
2013_2016,50,25,0.0,0.001,16,0.375,0.17,78.84,-78.67,-26.62,37.5
2013_2016,50,25,0.0,0.002,16,0.375,1.85,78.84,-76.99,-25.38,37.8
2013_2016,50,25,0.001,0.0,16,0.375,-1.82,78.84,-80.66,-27.74,37.1
2013_2016,50,25,0.001,0.001,16,0.375,-0.01,78.84,-78.85,-26.4,37.3
2013_2016,50,25,0.001,0.002,16,0.375,1.68,78.84,-77.16,-25.16,37.6
2013_2016,50,25,0.002,0.0,16,0.375,-2.83,78.84,-81.67,-28.48,37.0
2013_2016,50,25,0.002,0.001,16,0.375,-1.03,78.84,-79.87,-27.16,37.2
2013_2016,50,25,0.002,0.002,16,0.375,0.65,78.84,-78.19,-25.92,37.5
2013_2016,50,25,0.005,0.0,16,0.375,-3.7,78.84,-82.54,-28.75,36.6
2013_2016,50,25,0.005,0.001,16,0.375,-1.92,78.84,-80.76,-27.43,36.8
2013_2016,50,25,0.005,0.002,16,0.375,-0.25,78.84,-79.09,-26.2,37.1
2013_2016,60,30,0.0,0.0,17,0.412,-6.52,78.84,-85.36,-31.16,35.8
2013_2016,60,30,0.0,0.001,17,0.353,-8.77,78.84,-87.6,-30.85,36.1
2013_2016,60,30,0.0,0.002,16,0.438,-9.42,78.84,-88.26,-31.35,38.7
2013_2016,60,30,0.001,0.0,16,0.438,-4.57,78.84,-83.4,-30.69,37.6
2013_2016,60,30,0.001,0.001,16,0.375,-7.8,78.84,-86.64,-31.08,37.8
2013_2016,60,30,0.001,0.002,16,0.438,-8.53,78.84,-87.36,-31.63,38.1
2013_2016,60,30,0.002,0.0,16,0.375,-6.26,78.84,-85.1,-31.92,37.6
2013_2016,60,30,0.002,0.001,16,0.375,-9.43,78.84,-88.27,-32.3,37.8
2013_2016,60,30,0.002,0.002,16,0.438,-10.15,78.84,-88.99,-32.84,38.0
2013_2016,60,30,0.005,0.0,16,0.375,-5.25,78.84,-84.08,-30.78,36.9
2013_2016,60,30,0.005,0.001,16,0.375,-8.45,78.84,-87.29,-31.17,37.1
2013_2016,60,30,0.005,0.002,16,0.438,-9.18,78.84,-88.02,-31.72,37.4
2013_2016,80,40,0.0,0.0,14,0.714,30.42,78.84,-48.41,-9.98,44.9
2013_2016,80,40,0.0,0.001,14,0.643,29.82,78.84,-49.02,-11.61,45.4
2013_2016,80,40,0.0,0.002,14,0.643,37.91,78.84,-40.93,-10.39,45.8
2013_2016,80,40,0.001,0.0,14,0.643,27.37,78.84,-51.47,-9.98,44.7
2013_2016,80,40,0.001,0.001,14,0.643,26.79,78.84,-52.05,-11.61,45.2
2013_2016,80,40,0.001,0.002,14,0.643,34.67,78.84,-44.16,-10.39,45.6
2013_2016,80,40,0.002,0.0,14,0.643,25.83,78.84,-53.01,-8.07,44.3
2013_2016,80,40,0.002,0.001,14,0.643,25.27,78.84,-53.57,-9.73,44.8
2013_2016,80,40,0.002,0.002,14,0.643,33.06,78.84,-45.77,-8.48,45.1
2013_2016,80,40,0.005,0.0,14,0.571,23.69,78.84,-55.15,-7.3,43.4
2013_2016,80,40,0.005,0.001,14,0.571,23.16,78.84,-55.68,-8.14,43.9
2013_2016,80,40,0.005,0.002,14,0.643,30.82,78.84,-48.02,-7.42,44.3
2013_2016,100,50,0.0,0.0,12,0.75,38.54,78.84,-40.3,-15.67,54.9
2013_2016,100,50,0.0,0.001,12,0.75,39.05,78.84,-39.79,-16.8,55.2
2013_2016,100,50,0.0,0.002,12,0.75,46.11,78.84,-32.72,-16.8,55.5
2013_2016,100,50,0.001,0.0,12,0.75,38.86,78.84,-39.98,-15.67,54.7
2013_2016,100,50,0.001,0.001,12,0.75,39.39,78.84,-39.45,-16.8,55.0
2013_2016,100,50,0.001,0.002,12,0.75,46.45,78.84,-32.39,-16.8,55.2
2013_2016,100,50,0.002,0.0,12,0.75,36.17,78.84,-42.67,-14.89,54.1
2013_2016,100,50,0.002,0.001,12,0.667,36.67,78.84,-42.16,-15.64,54.4
2013_2016,100,50,0.002,0.002,12,0.75,43.59,78.84,-35.25,-15.64,54.7
2013_2016,100,50,0.005,0.0,12,0.75,27.29,78.84,-51.54,-15.85,51.8
2013_2016,100,50,0.005,0.001,12,0.75,27.76,78.84,-51.07,-16.98,52.2
2013_2016,100,50,0.005,0.002,12,0.75,34.24,78.84,-44.6,-16.98,52.4
2018_2021,40,20,0.0,0.0,18,0.5,8.53,22.48,-13.96,-23.31,32.2
2018_2021,40,20,0.0,0.001,18,0.5,11.05,22.48,-11.43,-23.31,32.3
2018_2021,40,20,0.0,0.002,18,0.5,11.51,22.48,-10.97,-22.65,32.5
2018_2021,40,20,0.001,0.0,18,0.5,5.53,22.48,-16.95,-24.32,32.1
2018_2021,40,20,0.001,0.001,18,0.5,7.99,22.48,-14.5,-24.32,32.1
2018_2021,40,20,0.001,0.002,18,0.5,8.43,22.48,-14.05,-23.66,32.3
2018_2021,40,20,0.002,0.0,18,0.5,5.75,22.48,-16.73,-24.16,31.9
2018_2021,40,20,0.002,0.001,18,0.5,8.22,22.48,-14.27,-24.16,32.0
2018_2021,40,20,0.002,0.002,18,0.5,8.66,22.48,-13.82,-23.5,32.2
2018_2021,40,20,0.005,0.0,18,0.5,3.06,22.48,-19.42,-25.06,31.5
2018_2021,40,20,0.005,0.001,18,0.5,5.46,22.48,-17.02,-25.06,31.6
2018_2021,40,20,0.005,0.002,18,0.5,5.89,22.48,-16.59,-24.41,31.8
2018_2021,50,25,0.0,0.0,15,0.333,-2.63,22.48,-25.11,-27.49,39.5
2018_2021,50,25,0.0,0.001,15,0.333,-2.63,22.48,-25.11,-27.49,39.5
2018_2021,50,25,0.0,0.002,15,0.333,0.32,22.48,-22.16,-25.98,39.6
2018_2021,50,25,0.001,0.0,15,0.333,-2.46,22.48,-24.95,-27.37,39.4
2018_2021,50,25,0.001,0.001,15,0.333,-2.46,22.48,-24.95,-27.37,39.4
2018_2021,50,25,0.001,0.002,15,0.333,0.49,22.48,-21.99,-25.85,39.5
2018_2021,50,25,0.002,0.0,15,0.333,-2.17,22.48,-24.65,-27.04,39.1
2018_2021,50,25,0.002,0.001,15,0.333,-2.17,22.48,-24.65,-27.04,39.1
2018_2021,50,25,0.002,0.002,15,0.333,0.79,22.48,-21.69,-25.52,39.3
2018_2021,50,25,0.005,0.0,15,0.333,-3.14,22.48,-25.62,-26.3,38.5
2018_2021,50,25,0.005,0.001,15,0.333,-3.14,22.48,-25.62,-26.3,38.5
2018_2021,50,25,0.005,0.002,15,0.333,-0.2,22.48,-22.69,-24.76,38.6
2018_2021,60,30,0.0,0.0,13,0.308,-5.32,22.48,-27.8,-25.38,44.5
2018_2021,60,30,0.0,0.001,12,0.333,-2.68,22.48,-25.17,-25.38,48.5
2018_2021,60,30,0.0,0.002,12,0.333,-2.91,22.48,-25.4,-25.38,48.7
2018_2021,60,30,0.001,0.0,13,0.308,-3.38,22.48,-25.87,-25.15,44.2
2018_2021,60,30,0.001,0.001,12,0.333,-0.88,22.48,-23.36,-25.15,48.2
2018_2021,60,30,0.001,0.002,12,0.333,-1.12,22.48,-23.6,-25.15,48.4
2018_2021,60,30,0.002,0.0,13,0.308,-1.21,22.48,-23.7,-25.78,43.7
2018_2021,60,30,0.002,0.001,12,0.333,1.49,22.48,-20.99,-25.78,47.8
2018_2021,60,30,0.002,0.002,12,0.333,1.25,22.48,-21.24,-25.78,48.0
2018_2021,60,30,0.005,0.0,13,0.308,1.61,22.48,-20.88,-25.25,42.6
2018_2021,60,30,0.005,0.001,12,0.333,2.07,22.48,-20.41,-25.25,47.2
2018_2021,60,30,0.005,0.002,12,0.333,1.82,22.48,-20.66,-25.25,47.4
2018_2021,80,40,0.0,0.0,10,0.3,12.8,22.48,-9.68,-21.72,51.4
2018_2021,80,40,0.0,0.001,10,0.3,11.45,22.48,-11.04,-22.69,51.6
2018_2021,80,40,0.0,0.002,10,0.3,9.06,22.48,-13.42,-22.97,52.1
2018_2021,80,40,0.001,0.0,10,0.3,11.62,22.48,-10.86,-21.72,51.3
2018_2021,80,40,0.001,0.001,10,0.3,10.28,22.48,-12.2,-22.69,51.5
2018_2021,80,40,0.001,0.002,10,0.3,7.92,22.48,-14.56,-22.97,52.0
2018_2021,80,40,0.002,0.0,10,0.3,12.69,22.48,-9.79,-20.97,51.0
2018_2021,80,40,0.002,0.001,10,0.3,11.35,22.48,-11.14,-21.94,51.2
2018_2021,80,40,0.002,0.002,10,0.3,8.96,22.48,-13.52,-22.22,51.7
2018_2021,80,40,0.005,0.0,10,0.3,13.48,22.48,-9.01,-21.98,50.3
2018_2021,80,40,0.005,0.001,10,0.3,12.11,22.48,-10.38,-22.94,50.5
2018_2021,80,40,0.005,0.002,10,0.3,9.72,22.48,-12.76,-23.21,51.0
2018_2021,100,50,0.0,0.0,9,0.333,7.67,22.48,-14.81,-17.11,56.0
2018_2021,100,50,0.0,0.001,9,0.333,7.76,22.48,-14.72,-17.11,56.1
2018_2021,100,50,0.0,0.002,9,0.333,6.68,22.48,-15.8,-17.11,56.3
2018_2021,100,50,0.001,0.0,9,0.333,7.89,22.48,-14.6,-15.92,55.6
2018_2021,100,50,0.001,0.001,9,0.333,7.97,22.48,-14.52,-15.92,55.7
2018_2021,100,50,0.001,0.002,9,0.333,6.89,22.48,-15.6,-15.92,55.9
2018_2021,100,50,0.002,0.0,9,0.333,8.6,22.48,-13.88,-15.92,54.8
2018_2021,100,50,0.002,0.001,9,0.333,8.69,22.48,-13.8,-15.92,54.9
2018_2021,100,50,0.002,0.002,9,0.333,7.59,22.48,-14.89,-15.92,55.1
2018_2021,100,50,0.005,0.0,9,0.444,8.32,22.48,-14.17,-16.48,52.9
2018_2021,100,50,0.005,0.001,9,0.444,8.4,22.48,-14.09,-16.48,53.0
2018_2021,100,50,0.005,0.002,9,0.444,7.31,22.48,-15.17,-16.48,53.2
2022_2025,40,20,0.0,0.0,18,0.444,6.41,71.8,-65.39,-17.74,32.5
2022_2025,40,20,0.0,0.001,17,0.471,4.87,71.8,-66.92,-19.27,34.6
2022_2025,40,20,0.0,0.002,17,0.412,3.18,71.8,-68.62,-19.27,34.7
2022_2025,40,20,0.001,0.0,17,0.471,5.42,71.8,-66.38,-18.51,34.2
2022_2025,40,20,0.001,0.001,16,0.5,5.87,71.8,-65.93,-18.51,36.5
2022_2025,40,20,0.001,0.002,16,0.438,4.15,71.8,-67.65,-18.51,36.6
2022_2025,40,20,0.002,0.0,16,0.5,7.26,71.8,-64.54,-20.23,35.9
2022_2025,40,20,0.002,0.001,15,0.533,8.18,71.8,-63.62,-20.23,38.4
2022_2025,40,20,0.002,0.002,15,0.467,6.43,71.8,-65.37,-20.23,38.5
2022_2025,40,20,0.005,0.0,16,0.375,5.2,71.8,-66.6,-21.56,35.4
2022_2025,40,20,0.005,0.001,15,0.4,6.26,71.8,-65.54,-21.56,37.9
2022_2025,40,20,0.005,0.002,15,0.4,4.54,71.8,-67.26,-21.56,38.0
2022_2025,50,25,0.0,0.0,14,0.5,16.91,71.8,-54.88,-18.86,41.4
2022_2025,50,25,0.0,0.001,14,0.5,14.65,71.8,-57.14,-18.86,41.5
2022_2025,50,25,0.0,0.002,14,0.5,13.45,71.8,-58.35,-18.99,41.7
2022_2025,50,25,0.001,0.0,13,0.538,19.07,71.8,-52.72,-17.78,44.3
2022_2025,50,25,0.001,0.001,13,0.538,16.77,71.8,-55.03,-17.78,44.5
2022_2025,50,25,0.001,0.002,13,0.538,15.41,71.8,-56.39,-17.86,44.6
2022_2025,50,25,0.002,0.0,13,0.538,18.41,71.8,-53.39,-17.78,44.2
2022_2025,50,25,0.002,0.001,13,0.538,16.12,71.8,-55.68,-17.78,44.3
2022_2025,50,25,0.002,0.002,13,0.538,14.77,71.8,-57.03,-18.05,44.5
2022_2025,50,25,0.005,0.0,13,0.462,16.59,71.8,-55.21,-17.96,43.6
2022_2025,50,25,0.005,0.001,13,0.385,14.34,71.8,-57.46,-18.17,43.8
2022_2025,50,25,0.005,0.002,13,0.385,13.01,71.8,-58.79,-19.12,43.9
2022_2025,60,30,0.0,0.0,12,0.417,31.45,71.8,-40.35,-13.26,48.9
2022_2025,60,30,0.0,0.001,12,0.417,33.15,71.8,-38.65,-14.14,49.2
2022_2025,60,30,0.0,0.002,12,0.417,31.31,71.8,-40.49,-14.14,49.4
2022_2025,60,30,0.001,0.0,12,0.417,32.13,71.8,-39.67,-13.26,48.8
2022_2025,60,30,0.001,0.001,12,0.417,33.85,71.8,-37.95,-14.14,49.2
2022_2025,60,30,0.001,0.002,12,0.417,32.0,71.8,-39.8,-14.14,49.3
2022_2025,60,30,0.002,0.0,12,0.417,27.8,71.8,-44.0,-14.44,48.5
2022_2025,60,30,0.002,0.001,12,0.333,29.46,71.8,-42.34,-15.32,48.8
2022_2025,60,30,0.002,0.002,12,0.333,27.68,71.8,-44.11,-15.32,49.0
2022_2025,60,30,0.005,0.0,12,0.417,26.65,71.8,-45.14,-14.44,48.2
2022_2025,60,30,0.005,0.001,12,0.333,28.3,71.8,-43.5,-15.32,48.5
2022_2025,60,30,0.005,0.002,12,0.333,26.54,71.8,-45.26,-15.32,48.7
2022_2025,80,40,0.0,0.0,10,0.4,27.61,71.8,-44.19,-16.06,58.6
2022_2025,80,40,0.0,0.001,10,0.4,27.8,71.8,-44.0,-16.06,59.0
2022_2025,80,40,0.0,0.002,10,0.4,29.02,71.8,-42.78,-15.25,59.2
2022_2025,80,40,0.001,0.0,10,0.4,27.71,71.8,-44.09,-16.68,58.4
2022_2025,80,40,0.001,0.001,10,0.4,27.89,71.8,-43.9,-16.68,58.8
2022_2025,80,40,0.001,0.002,10,0.4,29.13,71.8,-42.67,-15.88,59.0
2022_2025,80,40,0.002,0.0,10,0.4,29.73,71.8,-42.06,-16.7,58.0
2022_2025,80,40,0.002,0.001,10,0.4,29.93,71.8,-41.86,-16.7,58.4
2022_2025,80,40,0.002,0.002,10,0.4,31.17,71.8,-40.63,-15.9,58.6
2022_2025,80,40,0.005,0.0,9,0.444,35.77,71.8,-36.02,-17.21,62.3
2022_2025,80,40,0.005,0.001,9,0.444,34.79,71.8,-37.0,-17.21,62.7
2022_2025,80,40,0.005,0.002,9,0.444,36.11,71.8,-35.69,-16.4,62.9
2022_2025,100,50,0.0,0.0,10,0.4,27.77,71.8,-44.02,-15.66,57.9
2022_2025,100,50,0.0,0.001,10,0.4,26.02,71.8,-45.78,-16.82,58.3
2022_2025,100,50,0.0,0.002,10,0.4,28.11,71.8,-43.69,-16.06,58.8
2022_2025,100,50,0.001,0.0,9,0.444,29.06,71.8,-42.74,-14.37,63.6
2022_2025,100,50,0.001,0.001,9,0.444,28.08,71.8,-43.72,-15.02,63.8
2022_2025,100,50,0.001,0.002,9,0.444,29.16,71.8,-42.63,-14.92,64.2
2022_2025,100,50,0.002,0.0,9,0.444,27.22,71.8,-44.58,-14.57,63.2
2022_2025,100,50,0.002,0.001,9,0.444,26.24,71.8,-45.56,-15.23,63.4
2022_2025,100,50,0.002,0.002,9,0.444,27.33,71.8,-44.47,-15.13,63.9
2022_2025,100,50,0.005,0.0,8,0.5,31.79,71.8,-40.0,-13.87,69.4
2022_2025,100,50,0.005,0.001,8,0.5,31.79,71.8,-40.0,-13.87,69.4
2022_2025,100,50,0.005,0.002,8,0.5,33.74,71.8,-38.05,-13.87,69.8
