period,signal_date,first_label,starts_with_transition,entry_date,exit_date,entry_price,exit_price,hold_days,return_pct,is_false,ssa_40,price_to_ssa_gap,ssa_slope_3,ssa_slope_5,ssa_slope_20,ssa_curvature,ret_1,ret_5,ret_20,vol_20,volume_z20,range_pos_20,slope_5_to_20_ratio,gap_z_40,days_since_downtrend,vix_close,vix_ret_1,vix_ret_5,vix_z_20,dji_close,dji_ret_1,dji_ret_5,dji_z_20,usdjpy_close,usdjpy_ret_1,usdjpy_ret_5,usdjpy_z_20,sp500_close,sp500_ret_1,sp500_ret_5,sp500_z_20
1994_1997,1997-02-07,transition_to_uptrend,True,1997-02-10,1997-03-05,17881.91,18273.51,19,2.1899,0,17208.259123261454,0.03828277657372281,0.003234213274348363,0.0005345187358174464,-0.09669544958497911,0.013744192616713446,-0.009501416030618604,-0.02525752626674682,-0.011443597190825328,0.023796125236930032,0.0,0.5461042587631696,-0.005527858219922685,1.1685998328782894,1,18.899999618530277,-0.06250001182631837,-0.02927579429513638,-0.490658886589636,6855.7998046875,0.012216006558035675,0.0062688092946081575,1.1953644662010696,123.1500015258789,-0.0052504160731493554,0.01567011567735177,1.4074097158776082,789.5599975585938,0.012061748189521104,0.004324850577755557,1.4412461029025185
1994_1997,1997-04-17,transition_to_uptrend,True,1997-04-18,1997-06-03,18128.71,20563.16,32,13.4287,0,17856.19198067496,0.013284925242278423,-2.1299222679349583e-05,0.00044231826092322457,-0.03225364166370859,0.00531162946480479,0.0034501830269453304,0.03475173534163534,-0.021645238351720053,0.014094412801563923,0.0,0.5295927990004664,-0.013713746358784527,0.9667428264136181,1,18.709999084472656,0.06065758117044595,-0.015781227816788368,-0.7012001733145375,6658.60009765625,-0.0031841965724036525,0.01812681806853833,0.12876847950585127,126.0,0.0032646203843043065,0.0015102332492911152,0.9408167943397013,761.77001953125,-0.0023050956715425786,0.004523027341711172,-0.19028232537593245
1994_1997,1997-06-20,transition_to_uptrend,True,1997-06-23,1997-07-01,20428.54,20175.52,8,-1.2386,1,20617.313393461485,-0.01124173293281705,0.0019788938792602018,0.00010517024530654062,-0.0040438699335934025,0.007281784610328801,-0.00596408444594243,-0.006956747599903501,0.0188184848068369,0.010301318399423434,0.0,0.6264675968441114,-0.02600732640604141,-0.4483462454970447,1,20.200000762939453,0.004975143262281545,0.048261561135619635,0.9044239298441955,7796.5,0.002494490504191482,0.0018632742225648258,1.4027288750695646,114.95999908447266,0.007625583087981003,0.0011320843973270378,0.1973934385228171,898.7000122070312,0.0007906791616585362,0.006078780835643283,1.4977860153379972
1994_1997,1997-07-31,transition_to_uptrend,True,1997-08-01,1997-08-01,20344.63,19804.38,2,-2.6555,1,20037.79404824512,0.014654090093345173,0.001587090349515874,0.0017967255437738583,-0.026599757944858138,0.003750805878773966,0.005868026983184116,0.00222807380699086,0.006684836527822924,0.00920841878136888,0.0,0.7223176194776482,-0.06754668773672709,1.2110810117819744,1,21.479999542236328,0.0042075808862080954,0.024809183228871934,0.6469660963988917,8222.599609375,-0.003912921988336038,0.013022176976794864,1.663748671058719,118.5500030517578,0.0029611346239615255,0.021102537552425638,1.676785075365461,954.3099975585938,0.002121223133561001,0.014899510738598076,1.876766390205897
1994_1997,1997-09-29,transition_to_uptrend,True,1997-09-30,1997-10-01,18022.58,17842.16,3,-1.0011,1,17906.29558315879,0.004518821548847418,-3.152385411686609e-05,0.001035938716413165,-0.03522142532680861,0.017561355321358718,-0.0004167891346545938,-0.003931729463440892,-0.0251599901853915,0.013054024653615461,0.0,0.2889450455184348,-0.029412174743100632,0.43920857148264847,1,22.229999542236328,-0.0013477397276298042,0.006793461007634782,-1.2925417916658224,7991.39990234375,0.008734910167025989,-0.0006752579126195757,1.4053446944945172,121.01000213623048,-0.0012380449104080204,-0.00640445663382383,0.15534992116522442,953.3400268554688,0.008590652339162341,-0.0021874609718492977,1.3275110432795236
1994_1997,1997-12-01,transition_to_uptrend,True,1997-12-02,1997-12-19,17009.59,15314.89,15,-9.9632,1,15719.015557484867,0.08197550804328557,0.012758318830854432,0.004971035294576653,-0.06618935841314255,0.018105321919996475,0.022320526570056787,0.017104230837560408,0.0392698902158346,0.03162673014930866,0.0,1.0,-0.0751032403660466,2.4224983774526687,1,26.01000022888184,-0.051768139281646364,-0.024014986822117335,-1.5726903974913362,8013.10009765625,0.024287047031000153,0.016752836401952242,2.2059572374182,128.75999450683594,0.007511670048156116,0.013538992277340123,1.7732478953904143,974.77001953125,0.02027422505988219,0.012127622911761282,2.03580477438716
1998_2001,1998-03-19,transition_to_uptrend,True,1998-03-20,1998-03-30,16614.89,16263.04,8,-2.1177,1,16786.350843102155,-0.00639396333696074,0.0016901969234361935,0.002496103122876292,-0.0458222797348905,0.014415597825990556,0.003570456522975718,0.006262289352529038,0.003763676827810425,0.015356694448893876,0.0,0.45109402417000327,-0.054473569130950104,-0.20566091921678667,1,17.760000228881836,-0.02897761947051425,-0.026849302527022667,-1.7381644029573697,8803.0498046875,0.0031507866116329275,0.01657015385250382,1.7807011378232418,130.75,0.005769230769230749,0.014745780415081677,2.1114526287299347,1089.739990234375,0.0038875107111771,0.018524698552217833,1.8376260015986519
1998_2001,1998-05-22,transition_to_uptrend,True,1998-05-25,1998-06-12,15784.42,15022.33,16,-4.8281,1,15234.248246987958,0.03724516854641813,0.00712761830048847,0.0030985774332252802,-0.03768306340691796,0.023826331069321416,-0.0027515886069957585,0.036659132615173506,-0.0015177576284969296,0.011590880048762369,0.0,0.7585954398361392,-0.08222732318138538,1.8052239435881325,1,18.989999771118164,-0.02012380838684258,-0.07093937011026141,-1.253849878870974,9114.4404296875,-0.0019633115248204325,0.0020273119709213194,0.34542573887298234,135.6999969482422,0.00555761405676547,0.00809743951376829,1.449445702670538,1110.469970703125,-0.0037411575849695122,0.0015693543649277775,0.1745387100782643
1998_2001,1998-07-01,transition_to_uptrend,True,1998-07-02,1998-07-30,16433.47,16201.6,21,-1.411,1,15136.441429426284,0.08102619263117661,0.010069929546495437,0.004618838364982336,-0.016926843863788288,0.01969513904924991,0.03364567584500522,0.08197416062986917,0.06619467312422622,0.01679437956958851,0.0,1.0,-0.2728706191272579,2.829510852235403,1,18.0,-0.08675794844758655,-0.1008991214573286,-1.703223375882091,9048.669921875,0.010796490142543691,0.013984941852429378,1.2524735673265377,137.9499969482422,-0.0028912839727245343,-0.024398847929002376,-0.9875588589950076,1148.56005859375,0.012982513597311618,0.013840877801139628,1.8866230524405265
1998_2001,1998-10-21,transition_to_uptrend,True,1998-10-22,1998-12-11,14287.75,14405.64,36,0.8251,0,13079.68395725393,0.08690165026813901,0.011361545942829121,0.004910205711372573,-0.048342620261135894,0.03574624216621536,0.02956827931623618,0.08764618106952349,0.030930123120100017,0.029667206957897232,0.0,1.0,-0.10157094681357264,2.6383047954189416,1,33.209999084472656,0.0030201894375632143,-0.14758727246201708,-1.2333401085014117,8519.23046875,0.0015731361344846206,0.0690759060275572,1.7602497478349064,117.1999969482422,0.011565651051540948,-0.012137579642737872,-0.8834213728521688,1069.9200439453125,0.00563006018439105,0.06403589427703382,1.4532892231386572
1998_2001,1999-01-21,transition_to_uptrend,True,1999-01-22,1999-02-19,14235.67,14098.04,21,-0.9668,1,13292.712516237627,0.07167140675566408,0.007864166229976766,0.00900552968745405,-0.10098705409686537,0.04251508088389122,0.015495391035385886,0.0628055400812777,0.0036021444307388073,0.014084340222626052,0.0,1.0,-0.08917509049047091,2.3571762060542474,1,30.920000076293945,0.08111886936642754,0.02690134339166761,1.4821831504880243,9264.080078125,-0.007693955588991219,-0.009142622339015971,-0.3874556289354117,113.9000015258789,0.008857395805887291,0.003524242518756937,0.35356365937665074,1235.1600341796875,-0.017077526237753937,0.0006156916320425587,-0.284582871918112
1998_2001,1999-06-11,transition_to_uptrend,True,1999-06-14,1999-07-22,17193.61,17730.34,29,3.1217,0,16219.48085056569,0.06036382666650919,0.005608822321013118,0.0031779551106310144,-0.051048077964429894,0.020332126381204962,0.005609178327378395,0.055077268300538273,0.023090489977831696,0.011956198872297225,0.0,1.0,-0.0622541579889727,3.0307617876466497,1,25.899999618530277,0.02290679031187426,0.10542037051569575,-0.009986655626810892,10490.509765625,-0.012311123942413627,-0.02864209864223244,-1.5090708642808794,117.95999908447266,-0.00715426724676016,-0.035959476168118565,-2.0146508730789474,1293.6400146484375,-0.007046201331790347,-0.025690066165740877,-1.02324289132268
1998_2001,1999-08-23,transition_to_uptrend,True,1999-08-24,1999-09-14,18266.22,17777.22,17,-2.6771,1,17474.4819812652,0.043438701118500456,0.008900670914495645,0.004928349235551188,-0.04680370133256073,0.026883986989468034,0.007483732330466175,0.022861035264114538,0.042433052249293945,0.010380419782299427,0.0,1.0,-0.1052982797350388,2.2494787346999843,1,22.549999237060547,-0.01742925980747001,-0.0225401155024868,-1.0986358513308465,11299.759765625,0.01794040217207238,0.02289984019502267,2.2880269707995886,111.61000061035156,0.002065032883869611,-0.02515501185391611,-1.814448861216739,1360.219970703125,0.017664079731794402,0.022130007995106782,1.513146720075796
1998_2001,1999-10-05,transition_to_uptrend,True,1999-10-06,1999-10-18,17822.64,17275.33,9,-3.0709,1,17416.57309818935,0.021105029695759336,0.002569432645773251,0.0002978441646301899,-0.014668236364645426,0.018352566687312888,0.0011506296852563658,0.026460760174046083,0.008744199752840354,0.01580775199434347,0.0,0.8662994878822217,-0.02030538349846053,0.9158114725600083,1,24.790000915527344,0.013491489918500132,-0.048733636855011864,-0.06004171937519256,10400.58984375,-6.159127056404312e-05,0.012170619616175049,-0.6725989387013759,106.27999877929688,0.0013190068819812772,0.0007533129317665033,0.10249443765407337,1301.3499755859375,-0.002491185084179004,0.01493528711848735,-0.3374354250648628
1998_2001,2000-01-04,transition_to_uptrend,True,2000-01-05,2000-03-06,19003.51,19796.35,43,4.1721,0,18394.38522495032,0.0330793414734154,0.00569276191014545,0.0034069807068812796,-0.028399650904052165,0.01764462214739404,0.003618796948583247,0.022486483623446185,0.02638211072498642,0.007462493059916374,0.0,1.0,-0.11996558402748392,1.5083426364413306,1,27.01000022888184,0.11565473978910612,0.17588162979084387,2.762373136649945,10997.9296875,-0.0316601161297978,-0.041717554514063004,-1.7700583628658313,103.13999938964844,0.014258992166685136,0.008014070536257911,1.0110399800991123,1399.4200439453125,-0.03834466807849768,-0.039954439902820105,-1.3128330717685637
1998_2001,2000-03-24,transition_to_uptrend,True,2000-03-27,2000-04-18,19976.14,18969.52,18,-5.0391,1,19673.204970289808,0.014480360890124722,0.003887258304069219,0.0017980109426700697,-0.014052282319819032,0.013812472847003043,0.012864025343067631,0.03660942045642912,0.019755349417503565,0.010278042719821886,0.0,0.8767884541992165,-0.12795152429681791,1.3869779727057179,1,23.309999465942383,0.04716977656173582,0.04202050028806337,0.6800580916422869,11112.7197265625,-0.0006421506002992627,0.04884171791626457,1.825181554558093,106.98999786376952,-0.0027032151270244276,0.0030938889023999216,0.03462674367760671,1527.4599609375,7.20105760438905e-05,0.04301214193154945,1.8638130043782688
1998_2001,2000-06-08,transition_to_uptrend,True,2000-06-09,2000-07-19,17004.72,16983.57,30,-0.1244,1,16016.96840110274,0.06164533873833955,0.007700393371791847,0.004174006099201044,-0.10407356384573374,0.02288837223268092,-0.0082018905882969,0.018571551247490214,0.007219261854134018,0.01541418942957364,0.0,0.6455793613877208,-0.04010630504964828,1.549160444709589,1,22.770000457763672,0.012900396860884289,0.018336307523278972,-0.9270531564036643,10668.7197265625,-0.013330480586403848,0.0015508093114200427,0.1885853013904022,105.9000015258789,0.003030874117015969,-0.023963119577152914,-1.3836549792850057,1461.6700439453125,-0.006585704044367313,0.008876239694280308,0.9543314095939984
1998_2001,2000-08-23,transition_to_uptrend,True,2000-08-24,2000-09-12,16433.36,16040.23,15,-2.3923,1,15664.458497525487,0.049295792332782806,0.004541259014468002,0.0021557486858272412,-0.09170249981036327,0.02011747789811591,-0.001099369755604429,0.004929076055724124,-0.003996882121861445,0.014863146707113313,0.0,0.9770252655104883,-0.023508068921624107,1.6197715269556812,1,17.3799991607666,-0.005151697545808798,-0.035516164302944575,-1.1623039403402073,11144.650390625,0.0004937539944365188,0.012377899632834977,1.1650232725001062,106.9800033569336,-0.01218836248964239,-0.013099613920266484,-2.574369542953149,1505.969970703125,0.005233167879129308,0.017650434536004456,1.4149984831786544
1998_2001,2000-11-29,transition_to_uptrend,True,2000-11-30,2000-12-06,14449.74,14889.37,6,3.0425,0,14522.228337970619,-0.001004576514953559,0.005617011019868112,0.0009448087159806828,-0.02691103027805819,0.004298684768045402,-0.010316652480103716,0.006883434299632674,0.0029783193823211818,0.01486933451973013,0.0,0.1878579875343428,-0.035108604398213214,-0.16577562621510714,1,27.489999771118164,-0.005426903829326979,0.03268215268432795,0.8114843289033271,10629.1103515625,0.011565962146746323,0.012826752257134588,-0.27070937237446147,111.31999969482422,0.010438427384879878,0.01053010161721546,1.6954992308557995,1341.9300537109375,0.004371028927711018,-0.004022653336704818,-0.981138938466519
1998_2001,2001-01-24,transition_to_uptrend,True,2001-01-25,2001-02-15,13879.83,13327.39,16,-3.9802,1,13327.530906408387,0.042472171003890447,0.008784282216144579,0.004854067719312294,-0.08147655397453735,0.04452203850358283,-0.0065128560227682986,0.016531775973582574,0.03504155254639607,0.013058339107290947,0.0,0.8329946364509891,-0.05957625209369143,1.2483635271821187,1,22.030000686645508,0.021325961906789814,-0.11632569526796988,-1.6167123577220333,10646.9697265625,-0.00026665676332060517,0.005917221455193689,-0.29002236764830813,117.9000015258789,0.011062523872526597,-0.01065701655265583,0.7970264673953018,1364.300048828125,0.0028668217760010606,0.026198469234005595,1.7553487851700948
1998_2001,2001-03-26,transition_to_uptrend,True,2001-03-27,2001-04-25,13766.9,13827.5,23,0.4402,0,12337.697908236882,0.12357343107402219,0.012808121758888236,0.01153372830448851,-0.0648347586019371,0.04231094527434964,0.04901945352128623,0.13319150682245717,0.04652797601634462,0.027630385759590342,0.0,1.0,-0.17789421219721965,3.5788918058652612,1,29.040000915527344,-0.04630541254791076,-0.024848883615036566,0.2601203899011953,9687.5302734375,0.019227167250853938,-0.02726951188791593,-1.0603504569194897,122.66000366210938,-0.0013840117757152326,-0.0011400601479579775,0.9940030829622807,1152.68994140625,0.011282371798750468,-0.015476564327832953,-0.8760705000886774
1998_2001,2001-08-07,transition_to_uptrend,True,2001-08-08,2001-08-10,12265.24,11735.06,4,-4.3226,1,11730.116429733986,0.05024191658572308,0.004388831913506364,0.0011685271114609819,-0.052890174909887566,0.02833845156621051,0.006171200998201121,0.03867290638090326,0.006518166771878553,0.018063379845920602,0.0,0.8932155193036748,-0.022093462792510662,1.8352013545425867,1,21.01000022888184,-0.040200967807369814,-0.028214643231863512,-0.9605245705066816,10458.740234375,0.005521483970289509,-0.006088614975819362,-0.10764028866538856,123.55999755859376,-0.001938654985846,-0.011599108494187216,-0.8082298896493136,1204.4000244140625,0.0032653971820353345,-0.005638859807651331,-0.00019694267058243358
1998_2001,2001-10-05,transition_to_uptrend,True,2001-10-09,2001-11-07,10143.39,10284.98,23,1.3959,0,9394.624586189575,0.08635209672885535,0.002266095239518817,0.0026387052798604316,-0.12308667271064877,0.03930588780073041,3.8180312891045176e-05,0.04411299842785765,-0.04173203625401134,0.027018143113084377,0.0,0.6928821609816751,-0.021437782188356656,2.3397561012569073,1,33.38999938964844,0.044416643940958345,0.04572499437890687,-0.17769520759009524,9119.76953125,0.006499329998757242,0.030766671732947115,0.15960205015709414,120.47000122070312,0.0,0.008285887478693965,1.082097451184038,1071.3800048828125,0.0016360797584318298,0.02924286240322349,0.491189038689957
1998_2001,2001-11-29,transition_to_uptrend,True,2001-11-30,2001-12-18,10659.87,10432.17,14,-2.1361,1,10497.379120674737,0.015106707916306084,0.004192812996635986,0.003762347596636406,-0.03184607055685351,0.011987072604132787,0.0029318540176042074,-0.000480262520305641,0.02793851268170755,0.01863155246959885,0.0,0.6049879552217656,-0.11814165863633436,-0.044042787344095134,1,25.18000030517578,-0.027799201697260578,0.04092599211497827,-0.5943139952693227,9829.419921875,0.012104742660718593,-0.0005348181935894702,0.5318333506492323,123.94000244140624,0.006414948483466354,-8.06333770233536e-05,1.1837139705895334,1140.199951171875,0.010349777973346352,0.0027878963557015357,0.5333654056980565
2002_2005,2002-02-19,transition_to_uptrend,True,2002-02-20,2002-03-29,9783.16,11024.94,28,12.693,0,9645.169754096663,0.020942130341204512,0.0007666999850184375,0.0012239909849522945,-0.06619317530738755,0.04156258659683454,-0.024381625715205746,-0.0031210881356931175,-0.042128337710658825,0.013952854795668379,0.0,0.53288818359375,-0.018491196097910865,0.0,1,24.43000030517578,0.09208759001606626,0.12167123668435553,0.9417591092087696,9745.1396484375,-0.015944638212322948,-0.014126831465869238,-0.4421423026069154,133.4199981689453,0.005728889536078086,0.005274238560909472,-0.07199574161612482,1083.3399658203125,-0.018873813034917086,-0.025720791673125465,-1.5058941867344946
2002_2005,2002-04-23,transition_to_uptrend,True,2002-04-24,2002-06-06,11749.32,11574.94,30,-1.4842,1,11272.77492150521,0.04116600924360747,0.007981886102939928,0.0048560673597546344,-0.06476286200923931,0.032625085808298704,0.0012959304451509723,0.03438632306794576,0.04719075082056068,0.013445995887765615,0.0,1.0,-0.07498228474000809,0.6892955709982231,1,20.280000686645508,0.025796672588419556,0.1198233022175379,1.380871633171438,10089.240234375,-0.004655431407292521,-0.020587659803923852,-1.6801431251699872,130.22999572753906,0.0009222589856627827,-0.007166291488359566,-1.2723593065807013,1100.9599609375,-0.006201308314187082,-0.02429170777165235,-1.6726051238853497
2002_2005,2002-07-17,transition_to_uptrend,True,2002-07-18,2002-07-25,10366.95,9929.91,7,-4.2157,1,10187.593735824996,0.010642924937585674,0.0024215844804100772,0.0009989375738275186,-0.09922790744224042,0.011290436177403995,0.0044485601294916854,-0.042467688773236034,-0.017197123533969516,0.0193038159726552,0.5913756156341067,0.2500421744600291,-0.01006710309203074,0.4160900698084313,1,35.45000076293945,-0.03274217497895937,0.039589511707541325,1.6062999506208255,8542.48046875,0.008187090018803689,-0.03075049994326884,-1.6877320644199147,116.33000183105467,0.003104256329759192,-0.012143344762523989,-1.4055611569094755,906.0399780273438,0.005660727209489291,-0.015676766363989625,-1.5611963473666401
2002_2005,2002-08-23,transition_to_uptrend,True,2002-08-26,2002-09-03,9811.84,9217.04,8,-6.0621,1,9483.643469676605,0.04047038744793552,0.0060310703095998175,0.0011026507399594099,-0.0732479685766082,0.0168685042392267,0.00544432012717766,0.00810372496581624,0.028820670354940736,0.01675039779131348,0.8740975640730447,0.7289248492030344,-0.015053669902205892,0.8649557299196406,1,29.31999969482422,0.05657656557925117,0.017702195013392208,-0.892992698291602,8872.9599609375,-0.019956580393740597,0.010811089838801635,0.7835228970253957,119.58999633789062,-0.001669626647534228,0.017267768130780015,0.332845876380212,940.8599853515624,-0.022686222684675794,0.013017179243591581,0.9862787060660537
2002_2005,2002-11-06,transition_to_uptrend,True,2002-11-07,2002-11-14,8911.67,8303.39,7,-6.8257,1,8536.02266467714,0.04888311462808681,0.005841369087228099,0.000858035956245562,-0.061529015912552554,0.022228839500886832,0.0017600407165119236,0.02807865643540941,0.030535225490619267,0.01587035793521508,0.7416980993725591,0.7945277073710096,-0.013945224761355459,1.7678227646262779,1,30.729999542236328,-0.016010246792472316,-0.016010246792472316,-0.9829818009002088,8771.009765625,0.010686489286953815,0.040771672792047076,1.4975167738245863,121.6500015258789,-0.003767087725603191,-0.010090307347450311,-1.771525268095584,923.760009765625,0.009143638212398386,0.03710521603851835,1.4552124173418648
2002_2005,2002-11-25,transition_to_uptrend,True,2002-11-26,2002-12-18,8943.57,8344.01,18,-6.7038,1,8549.855440501698,0.04615107143409758,0.008876959694709585,0.0013620724716421062,-0.0075617558748097835,0.012018090948392568,0.019593011366564772,0.07170260769730663,0.024999213829527633,0.01609701686352284,1.233589192424798,0.9863831296262348,-0.18012648043552043,1.542122575297879,1,24.06999969482422,0.03929187622657926,-0.1297903171508431,-1.659868264674085,8849.400390625,0.005060915095080443,0.04275344040814488,1.8169722781822786,122.05999755859376,-0.007238710140213267,0.009260749913827304,0.42490151236094126,932.8699951171876,0.00249315711638598,0.03610779054439095,1.6675279838603905
2002_2005,2003-01-21,transition_to_uptrend,True,2003-01-22,2003-01-30,8680.57,8316.81,8,-4.1905,1,8440.120147872918,0.03180759581008319,0.005857123870161018,0.004079973806419002,-0.05320244261989848,0.026039900161274887,0.017497711151416295,0.018183026381846767,0.030486506274784775,0.011906076231189954,1.3751180278802855,0.9852185547911042,-0.07668771593003951,0.8383790176791464,1,27.59000015258789,0.0735408300988809,0.10803215161721313,0.8967321831571593,8442.900390625,-0.016751391077858724,-0.03904858192495053,-0.8689490523843183,118.16000366210938,0.0012710916292140162,0.0013559632382149633,-1.0014613631676827,887.6199951171875,-0.015702315109737075,-0.041716164188298155,-1.0154151290259037
2002_2005,2003-03-04,transition_to_uptrend,True,2003-03-05,2003-03-06,8401.72,8369.15,3,-0.3877,1,8520.08207620577,-0.004678634464636788,0.003955914732815424,0.0018324121652315561,-0.0025231493222953594,0.008728921374153598,-0.0011990793830808366,0.01432086980919145,-0.0024198118534248803,0.010391855785669795,-0.4289909410271666,0.2973165004870107,-0.7262400798239615,-0.547002624023096,1,31.82999992370605,0.04600721671015395,0.0028355435802422946,-0.24065723851900647,7704.8701171875,-0.016967609578831477,-0.025871405627726163,-2.0127137737935885,117.13999938964844,-0.004334909728992087,-0.002724329110492252,-1.412112723144027,821.989990234375,-0.015356796590494715,-0.01977177450305989,-1.4264721912306113
2002_2005,2003-04-09,transition_to_uptrend,True,2003-04-10,2003-04-17,8028.8,7821.9,7,-2.577,1,7981.95620884306,0.009478084376656204,0.008972803778543925,0.004178984257572571,-0.04757766473407676,0.009744658493614167,-0.00907595257779803,-0.0015167858419767866,0.02482434605285455,0.016766772398648325,0.41293541320271365,0.3337094137024839,-0.0878350015901356,0.29711613305536705,1,27.11000061035156,-0.0007371378928741068,-0.032476796307830624,-1.3877316873398826,8197.9404296875,-0.012167787270886854,-0.010515209925245461,0.04187230303216278,120.08000183105467,0.0030908257406379036,0.007889897987425343,0.6285005156801273,865.989990234375,-0.014004472441544569,-0.016925909599792566,-0.09055229815376561
2002_2005,2003-05-07,transition_to_uptrend,True,2003-05-08,2003-08-01,8072.67,9611.67,62,19.0643,0,7773.690452037851,0.043232949596712755,0.001749797148104415,0.0008636867968878637,-0.019705533649305274,0.02661298079981378,0.003242378450523997,0.06596977665914583,-0.016995246200866898,0.01408191110664654,0.4136622295801101,0.9586649754241319,-0.04382965781382497,1.4766511143986019,1,21.0,0.00961542164785767,-0.00990094736149194,-0.5363402473890915,8560.6298828125,-0.003228843180171692,0.00949754549143833,1.1742008658489513,116.41999816894533,-0.009949810403797832,-0.020198632654797377,-2.8301394223434357,929.6199951171876,-0.005104955592922011,0.013850731191094257,1.1972340388451883
2002_2005,2003-08-18,transition_to_uptrend,True,2003-08-19,2003-09-24,10143.31,10502.29,26,3.5391,0,9612.08575109089,0.04378695596050464,0.0074376603616683745,0.004166233609003811,-0.025421610562202823,0.0383005107661325,0.01718462211563687,0.05746009961188858,0.053028290364597774,0.012113953244035037,0.937939380496229,1.0,-0.16388550988182554,2.0480224312377766,1,18.18000030517578,-0.004926116602785635,-0.07949365543413767,-0.8808250630639646,9412.4501953125,0.009736406321320334,0.021166668750316475,2.160781054883752,119.4000015258789,0.002266467545420925,0.0075949495854759075,3.5871765893449307e-06,999.739990234375,0.009155427620381795,0.01952902115506494,1.566852056192693
2002_2005,2003-10-17,transition_to_uptrend,True,2003-10-20,2003-11-06,10988.48,10552.3,14,-3.9694,1,10684.483452220471,0.033076582297816515,0.0033417486428528598,0.002879742011588249,-0.03457159730749848,0.014280812990835057,0.001155472475308228,0.04808926396453339,0.004347481084956195,0.016017402088012174,0.13756218777381188,1.0,-0.0832979160891603,0.9398533170541523,1,17.6200008392334,0.025014560315099743,-0.044986443869058146,-1.164002724809245,9721.7900390625,-0.007141716619022298,0.004869448197170501,0.8713056752522632,109.3000030517578,-0.0042816216241389204,0.006816557754292685,-0.957632767583909,1039.3199462890625,-0.010237413267554563,0.0012136944147713713,0.6877135159809749
2002_2005,2003-12-15,transition_to_uptrend,True,2003-12-16,2004-02-02,10352.04,10776.73,31,4.1025,0,9948.659904244007,0.054490718571526875,0.007951500752913399,0.005138223145582321,-0.055678571190261095,0.011064144202862725,0.031575231626855826,0.0443419231632205,0.03183909356474346,0.01977237719938042,0.8566386157807793,1.0,-0.0922836745940252,1.7111294967154351,1,17.229999542236328,0.04996951264161864,0.04171696423917548,-0.11757851886438997,10022.8203125,-0.0019258648984963322,0.005775135441096424,1.412998298506431,107.73999786376952,0.0005571838635187731,0.0030722855451921216,-1.0136987625267615,1068.0400390625,-0.005678938967685676,-0.001178350049647836,0.819113821985593
2002_2005,2004-03-01,transition_to_uptrend,True,2004-03-02,2004-04-30,11344.83,11761.79,44,3.6753,0,10588.05202309354,0.06451310331722238,0.008483076355765284,0.00361532808791587,-0.052438177841149125,0.016883706677744414,0.02075727744216249,0.037000794712221285,0.045208399574115044,0.011670732082995293,2.9339973070925227,1.0,-0.06894457886900221,2.198177503129271,1,14.4399995803833,-0.007560179306499881,-0.11356668085762067,-1.512012260971454,10678.1396484375,0.008902157920503972,0.006458245487884984,0.9729986976047196,108.91000366210938,-0.0031120946260011495,0.0056325077854342265,1.3022435186892622,1155.969970703125,0.009633718676394176,0.013128932415676031,1.4058940959506745
2002_2005,2004-06-08,transition_to_uptrend,True,2004-06-09,2004-07-07,11514.72,11384.86,22,-1.1278,1,10798.109989252518,0.06703207310982262,0.015699314400328346,0.011544401031933882,-0.08667326223772565,0.033244936314881346,0.0071687359863581435,0.01993225726196024,0.056361957684123,0.017250526059962017,-0.4866642207098152,1.0,-0.13319449082544205,1.7552086606098716,1,15.010000228881836,-0.02469136490992918,-0.07914104715083059,-1.4901421303077322,10432.51953125,0.003987983233065151,0.022530335924890732,2.122042935705563,109.52999877929688,-0.0008210542330786552,-0.008060128639802433,-1.3605308273058083,1142.1800537109375,0.0015432995719157905,0.018712186454462598,1.9295635096363464
2002_2005,2004-08-25,transition_to_uptrend,True,2004-08-26,2004-09-24,11196.29,10895.16,21,-2.6896,1,10796.177980774604,0.03092219775089733,0.0037836251460132697,0.0014202816361754689,-0.04487247636341829,0.016997398115886297,0.013171152081549176,0.03301941603079239,-0.0066358559347701185,0.010126508070870864,2.118917420065159,0.693150890427105,-0.03165151004087074,2.3165571463209833,1,14.979999542236328,-0.02283107522580563,-0.07701787031768226,-1.3850071081457924,10181.740234375,0.008229864103045381,0.009777682562551737,1.3023604750832198,110.0999984741211,0.0037377702943699465,0.00612261872500075,-0.5130235439264507,1104.9599609375,0.008000456125331068,0.008939175287263845,1.2066148986191856
2002_2005,2004-11-16,transition_to_uptrend,True,2004-11-17,2004-12-08,11132.05,10941.37,16,-1.7129,1,10829.251531056445,0.03070373497097245,0.005422249809607482,0.0015583576466757787,-0.019553639623722363,0.013033439549828163,-0.005862382569692737,0.017955514357063773,0.017885890694415485,0.01102845848577695,0.12624407307002136,0.8842047754362937,-0.07969655146887274,1.7125121805892223,1,13.210000038146973,-0.01270553623616677,-0.02939012701106336,-1.1319068805833072,10487.650390625,-0.00593255152106098,0.009751267506816541,1.1894413954996361,105.41999816894533,9.481554395907033e-05,-0.003120584690824324,-1.142837219512256,1175.4300537109375,-0.007078842439273703,0.009750273249887309,1.1248239178417343
2002_2005,2005-02-15,transition_to_uptrend,True,2005-02-16,2005-03-28,11629.69,11792.3,29,1.3982,0,11433.814705858631,0.018600575047573065,0.0032305945773944966,0.0015154046232408458,-0.01224542235154491,0.009953464340027307,0.0012284897803134243,0.012750579427043052,0.01387561964465922,0.0054453726877981825,-1.3435280458542964,1.0,-0.12375274447350189,0.8110690412915424,1,11.270000457763672,-0.021701388026553192,-0.028448268349474448,-1.1160938708056884,10837.3203125,0.004280407166729505,0.010507628787087553,1.671252965531985,104.5500030517578,-0.0052330678434664435,-0.010973380406407052,0.4509165153680536,1210.1199951171875,0.0032997665448568636,0.006504155345152363,1.5338469885227204
2002_2005,2005-05-24,transition_to_uptrend,True,2005-05-25,2005-10-19,11127.31,13129.49,103,17.9934,0,10822.10606559239,0.02878777228243301,0.008805481554997385,0.004266393930495882,-0.05359415750498786,0.02513904918828813,-0.00224041430861599,0.028475717937043843,0.004064570231937292,0.008359630713103899,-0.2077071506169268,0.8404507126254384,-0.07960557883755931,1.670559359459657,1,12.6899995803833,-0.020077238047201962,-0.1290322686217188,-1.5701585439776164,10503.6796875,-0.00188908350636241,0.01662812640449829,1.4323220610731076,107.58999633789062,-0.0015776335836086286,0.001489304963793625,1.1445598239819987,1194.0699462890625,0.00017586730443786003,0.017268611874036166,1.5955949393360678
2002_2005,2005-11-07,transition_to_uptrend,True,2005-11-08,2005-12-30,14067.78,16111.43,38,14.5272,0,13569.852600783883,0.03623819823678187,0.004899996397353501,0.0042815175579822284,-0.0037879433882230806,0.016619741097637863,-0.0010202040644013977,0.053576400192085094,0.052553563421655625,0.010765995974506061,1.3436340429700298,0.9851921595480613,-1.1303013585930815,1.7215381692263947,1,13.100000381469728,-0.005315086895877452,-0.14490857425437853,-1.5216966702435917,10586.23046875,0.005267492978623389,0.013999920678216204,1.9986299272854409,117.62000274658205,-0.0058320921836718664,0.010133976987587223,1.634417206805674,1222.81005859375,0.00218830946715709,0.013090238440684576,1.7944935676354345
2006_2008,2006-02-17,transition_to_uptrend,True,2006-02-20,2006-02-24,15620.58,16101.91,6,3.0814,0,16276.463466650139,-0.03459063896105141,0.003987477851457255,0.0011313046838301588,-0.008080751345839632,0.001677885040416327,-0.02058255549824395,-0.03348416610313609,0.0010677260725804327,0.01672889515969065,-0.6953899272122401,0.25434173472261334,-0.13999993755687212,0.0,1,12.010000228881836,0.0461673090400021,-0.06682204074004827,-1.2440445180580522,11115.3203125,-0.00048192872653496366,0.017975053811755792,1.845111995439267,118.13999938964844,0.005789207478937186,0.0026308881759862235,0.5306520519968614,1287.239990234375,-0.0016597237744756521,0.015982762418078833,1.5016252831966685
2006_2008,2006-03-15,transition_to_uptrend,True,2006-03-16,2006-04-25,16354.71,16970.29,29,3.7639,0,15826.021837831866,0.031152377159753497,0.006426688891896015,0.004453253264073753,-0.02546944007181884,0.029133140265202306,0.004968462686704589,0.044252134816013644,0.024239884505373954,0.014492522297366944,-1.5688720813062154,0.9540161946230806,-0.17484692445206687,1.3989171153567612,1,11.350000381469728,0.05679707852433746,-0.07873371244984695,-1.0716683228519606,11209.76953125,0.005239701086928061,0.018538443805691696,2.2691139285677675,117.5199966430664,-0.0013596504222844752,-0.0025462829106677187,0.039092561603370456,1303.02001953125,0.004269845505052494,0.01920267928907493,2.2136083925764978
2006_2008,2006-06-30,transition_to_uptrend,True,2006-07-03,2006-07-20,15573.35,14946.84,14,-4.023,1,14481.612340607193,0.07068048245033265,0.003997693027014471,0.0027409429058729007,-0.0745646276342179,0.010141210122538658,0.025396830727448805,0.025200915063243068,-0.017995079616826892,0.019236679618913736,-0.1595327121349188,0.8874741243365625,-0.036759291809499696,2.4492786759151564,1,13.079999923706056,0.003837313258598485,-0.17684080295174487,-1.5818467766996236,11150.2197265625,-0.0036261999886730845,0.014662714119508369,1.5543413356253013,114.48999786376952,-0.005731686090868715,-0.017590552905896617,-0.3411105081662729,1270.199951171875,-0.002097656442177853,0.020650824565588533,1.5895581642211487
2006_2008,2006-08-10,transition_to_uptrend,True,2006-08-11,2006-09-11,15622.24,15794.38,23,1.1019,0,15163.367723600471,0.030833680299254373,0.0021942789219271397,0.0006915095430051199,-0.0018398443414401333,0.002948325923594841,-0.0016401839580827415,0.010377259098936609,0.025023400120804506,0.01460477723469429,0.27917731763581466,0.9789398485040213,-0.37585219979199036,0.42369558212572694,29,14.460000038146973,-0.04868419607920638,0.0,-0.796121252994155,11124.3701171875,0.004350816892388032,-0.010515346393092928,0.3770755976937177,115.16000366210938,-0.0017336767266299402,0.0010431393048244697,-0.6227412892569784,1271.81005859375,0.0046290198253495785,-0.0066079505170303365,0.5467089095428829
2006_2008,2006-10-06,transition_to_uptrend,True,2006-10-10,2006-11-01,16325.48,16375.26,18,0.3049,0,15925.77267290591,0.03204163995366005,0.001038578781621391,0.001226796649984152,-0.028594857646270677,0.005084805189777053,-0.0008066912869385545,0.01912751121096057,0.026457627958002217,0.010765926904905309,-0.27994183404215006,0.9851218403893637,-0.04290270177806428,1.576561140327305,1,11.5600004196167,-0.035058358820373337,-0.035058358820373337,-0.827276974719817,11850.2099609375,-0.0013888007652723688,0.014653533531203244,1.7199335941884488,119.01000213623048,0.009843051990909624,0.008901348422408084,2.505891087506881,1349.5899658203125,-0.0026824943182935934,0.010285578834066555,1.552602855074565
2006_2008,2006-12-05,transition_to_uptrend,True,2006-12-06,2007-01-30,16309.8,17490.19,37,7.2373,0,15873.338115302806,0.024722062081187435,0.002451028076097428,0.0015473939619932153,-0.056223623465116,0.026384426517815474,-0.0023203526638951866,0.025890461970858647,-0.00604958468183292,0.009573855038599484,1.1960511873649058,0.8087547861048239,-0.027522131563670872,1.2053594946546184,1,11.270000457763672,0.0035619694708712846,-0.030120432981275425,0.7438686052317753,12331.599609375,0.0038872178932862766,0.01607961231842503,1.2521753736288979,114.9499969482422,-0.003640511297051896,-0.009478725330364646,-1.7606442585228401,1414.760009765625,0.00400250842226435,0.020220404735559194,1.9025423113652349
2006_2008,2007-04-04,transition_to_uptrend,True,2007-04-05,2007-04-24,17507.46,17451.77,15,-0.3181,1,16966.402943655892,0.03404887305886595,0.009360017006247334,0.0077574019207182765,-0.042903052044676815,0.021930230341855927,0.017399569643244295,0.016769857722440662,0.04153224160705271,0.01221537025546049,-0.014600286513435572,1.0,-0.18081235602166848,1.4037562164834614,1,13.239999771118164,-0.01634474490381177,-0.11615486143455545,-0.7771922339227937,12530.0498046875,0.0015786991765456282,0.01867339220641795,1.4879581642028687,118.7699966430664,-0.000841306479388626,0.01625732738797181,1.6708312254498838,1439.3699951171875,0.0011128174632957233,0.015622033793777579,1.2409229524559848
2006_2008,2007-05-23,transition_to_uptrend,True,2007-05-24,2007-07-02,17680.45,18146.3,29,2.6348,0,17559.379924701785,0.008299792848504683,0.0017844575022794018,0.00012721378331814748,-0.005013967694114441,0.0034629892936327566,0.001417889557284946,0.01004730107963936,0.014467742518499582,0.007469295252458289,-0.24568791205294122,0.9160088965867169,-0.025371879333701167,0.13412370284305142,1,13.239999771118164,0.013782492015168568,-0.019259276213469345,-0.04204467963948124,13525.650390625,-0.00105611944514028,0.002826323012047327,1.2631680068181583,121.5199966430664,-0.0009865401774430405,0.006626867248789248,1.6592655036270962,1522.280029296875,-0.001207231600010017,0.005375998632680901,1.3234839600179258
2006_2008,2007-09-04,transition_to_uptrend,True,2007-09-05,2007-09-06,16506.11,16257.0,3,-1.5092,1,15809.60954818938,0.03863859844695394,0.0035693951352790965,0.0010279217000599417,-0.08766817610278221,0.020661568715202527,-0.006321296752870076,0.00816457703651241,-0.02962449211941076,0.019539831537906713,-1.1165151037644179,0.6045542578789835,-0.011725140703906121,1.7430900783225989,1,22.780000686645508,-0.025662895451593393,0.002640905594383236,-0.8024353761907185,13448.8603515625,0.006821521873363823,0.009512778351868478,1.1146646554408963,116.23999786376952,0.003973044475060972,0.016617120751553305,0.050403014025083695,1489.4200439453125,0.01046822150297233,0.015428250997175041,1.4436721171649713
2006_2008,2007-09-14,transition_to_uptrend,True,2007-09-18,2007-10-23,16037.49,16450.58,25,2.5758,0,15756.78715744173,0.023522102617107743,0.004892900325585536,0.0005204114858123887,-0.039958474298335545,0.002261483662932884,0.019355654275728718,0.0003262444718341584,0.0558961724903595,0.014408743546640896,2.759564691367929,0.47207151261602825,-0.013023807714151545,0.9276505617662362,1,24.920000076293945,0.006462029318782925,-0.04994279408327795,0.11027124048947358,13442.51953125,0.001313952049588396,0.025099528220706713,1.4232284243005595,115.26000213623048,0.0058469833297158935,-0.0011265902947011908,0.13880239778993983,1484.25,0.0002021960564695391,0.02112067018031194,1.2735483029912085
2006_2008,2007-12-07,transition_to_uptrend,True,2007-12-10,2008-01-04,16007.33,14691.41,16,-8.2207,1,14869.38822027073,0.07310199187851851,0.006062485987657906,0.0015499255450726057,-0.0964561071120752,0.02346434335908898,0.005183924905097337,0.01758216942809887,0.011717273614855861,0.014434496153213135,0.08654671965823472,1.0,-0.016068713443636095,2.25236001011856,1,20.850000381469727,-0.005248029952654831,-0.0883253337839135,-1.6654277736276113,13625.580078125,0.00041780292163773325,0.01898486931775989,1.8386644567932031,111.66000366210938,0.002693992906910303,-0.0008947608465433854,1.3641351229063023,1504.6600341796875,-0.0017779211733210953,0.015879673291274043,1.7034938392986305
2006_2008,2008-02-15,transition_to_uptrend,True,2008-02-18,2008-03-04,13627.31,12992.28,13,-4.66,1,12743.86301042164,0.06895056539545985,0.00950740661554672,0.0022975874961519427,-0.11466559121631859,0.021536249194114565,-0.0002855200690007331,0.031453354236230746,-0.011672739605843807,0.028379733200361242,-0.3210356666578505,0.8146848216817091,-0.020037288185411305,1.6594706214585564,1,25.020000457763672,-0.020360236457451775,-0.1067475811026628,-1.334956045162978,12348.2099609375,-0.0023245175093505877,0.0136330904137969,-0.021523633991585304,107.8000030517578,9.279280216634156e-05,0.0005569443955637521,1.3223061724425944,1349.989990234375,0.0008377480947496796,0.014046489212105495,0.07310470586970806
2006_2008,2008-04-04,transition_to_uptrend,True,2008-04-07,2008-05-23,13240.56,14012.2,33,5.8279,0,12275.116553590773,0.08294040781827916,0.014984834892834531,0.006829362519769289,-0.0864450614410257,0.038467030999584484,-0.00722041697413911,0.03687462394771068,0.0058870474905394765,0.022014366923866442,-0.6390826975750284,0.9396647343324915,-0.07900234444773223,1.4541019498200505,1,22.450000762939453,-0.032744435653236925,-0.12679885016028847,-1.5391540333556137,12609.419921875,-0.0013155640532119817,0.03217146775506863,1.2141284509334527,101.5199966430664,-0.007527659258668051,0.019993950448871756,0.7258712706797734,1370.4000244140625,0.0007959963585104646,0.04195499987841411,1.4375577182266948
2006_2008,2008-06-20,transition_to_uptrend,True,2008-06-23,2008-06-24,13769.44,13849.56,3,0.5819,0,14238.346370995787,-0.020807633495578903,0.0011153942832375918,0.0008054725911861293,-0.0052571347093164356,0.007784164547286143,-0.013311223063129374,-0.0022649922077558893,-0.005004218909957947,0.016910297690962826,-0.29715107529524964,0.3151575207225524,-0.15321513252432176,-0.9759915796886056,1,22.8700008392334,0.05977761446190999,0.07775690759992182,0.9483778568902547,11842.6904296875,-0.018270560604063735,-0.03775460959795529,-2.103654244352385,107.30999755859376,-0.005652340814504386,-0.007767026864850646,0.7078026954841128,1317.9300537109375,-0.01854285587797533,-0.030955180899720935,-1.9945076458463935
2006_2008,2008-07-29,transition_to_uptrend,True,2008-07-30,2008-08-20,13267.37,12851.69,17,-3.1331,1,12762.558406646836,0.031098136911088314,0.0012498830472391642,0.0016739093656563675,-0.0903966647639115,0.035547547763081555,-0.01455243939512385,-0.0019347624642453987,-0.023879579857432165,0.013458305320024483,-1.0270369169864373,0.4770434462444772,-0.01851737970674148,1.395748363212325,1,22.030000686645508,-0.09079648770755899,0.04013221762145158,-1.2037245444977531,11397.5595703125,0.023940128928835014,-0.017663471638655448,0.5096765679181688,108.08000183105467,0.005769614292427505,0.007926871654491352,1.1464269113002319,1263.199951171875,0.023356008464828548,-0.010806616153582582,0.4371617467094399
2006_2008,2008-11-11,transition_to_uptrend,True,2008-11-12,2008-12-03,8694.91,8004.1,16,-7.945,1,7680.970755185332,0.1468992768577393,0.027619672502513293,0.02031685426028096,-0.25578502444407236,0.11246255936181226,-0.029965533200908778,-0.033495690186267524,0.06438405656877633,0.06975298126581737,-1.2703367029721495,0.6904389570069123,-0.0794294126657257,1.4013812057634258,1,61.43999862670898,0.024341432070944746,0.28724071267464923,-0.2171868825600841,8693.9599609375,-0.019906350385366367,-0.09675773442879654,-0.6273271922587932,97.29100036621094,-0.006930701704928599,-0.02448538899790731,-0.52074642630778,898.9500122070312,-0.02204067545102073,-0.10618939875015532,-0.8748231528378048
2009_2012,2009-03-17,transition_to_uptrend,True,2009-03-18,2009-04-21,8006.86,8711.33,25,8.7983,0,7172.044220069054,0.1083492570457078,0.0101263575968317,0.0015773704306567,-0.0542003655121382,0.0300430129277056,0.031798444159844674,0.1267402465803087,0.039712213638468885,0.024729568607001727,0.843257232945746,1.0,-0.029102579212375367,2.693530817020462,1,40.79999923706055,-0.06721541674868325,-0.08045976517386788,-1.6584682511293516,7395.7001953125,0.024765237370820925,0.06774137334502983,1.07528725865677,98.78099822998048,0.005916510181201984,1.0117945899557057e-05,0.8728026670783763,778.1199951171875,0.032139940837456527,0.08132298709932528,1.1575128636464838
2009_2012,2009-07-24,transition_to_uptrend,True,2009-07-27,2009-08-28,10020.87,10534.14,26,5.122,0,9489.173580828414,0.0479890287579007,0.007519564280874,0.0036365087885625,-0.0533640441094881,0.0378010838942165,0.015481496705564757,0.0642529278606081,0.015156034391147877,0.01428305719714117,2.4563803924396677,0.984703813830445,-0.06814529987834882,2.2763725356323437,1,23.09000015258789,-0.014511316609448932,-0.05135579261149248,-1.304016886898944,9093.240234375,0.0026408015632253257,0.039947642312561316,1.8127359041681004,94.87000274658205,-0.0006320189444944946,0.007005664669602618,0.3264653634162582,979.260009765625,0.003042161453180592,0.04134499317396445,1.817900213140196
2009_2012,2009-10-20,transition_to_uptrend,True,2009-10-21,2009-11-11,10292.39,9871.68,16,-4.0876,1,9958.485353690625,0.0379931763337038,0.0044412655593393,0.0013975145883564,-0.0382705924964461,0.0142212501704868,0.009801199864226895,0.025830271892039125,0.006432849291279741,0.014229919366882605,-0.6939219651261382,0.7615581802441717,-0.036516669776831295,2.235121423108311,1,20.899999618530277,-0.027454637453315778,-0.09090909845129747,-1.5500554900574208,10041.48046875,-0.005024673413645653,0.017264701648650238,1.3631322145467657,90.7979965209961,0.0002753450449113348,0.01088840825534132,1.1106637138325328,1091.06005859375,-0.006239104637617676,0.016651402047324515,1.2377603811018234
2009_2012,2009-12-04,transition_to_uptrend,True,2009-12-07,2010-01-25,10131.9,10512.69,33,3.7583,0,9428.319550146009,0.0630303513201129,0.0068410971878749,0.0004135357905354,-0.062037994683111,0.0375025011669464,0.004502045289804357,0.10362476337376436,0.0314022418012716,0.015409522867353124,0.8390452239702274,1.0,-0.006665847157822132,2.2369866173310107,1,21.25,-0.053873514416532986,-0.14106708987089167,-1.0000794083654538,10388.900390625,0.002194643058678336,0.007660628729271091,0.4066785982430057,90.5199966430664,0.02561771477947805,0.04671592425197213,1.3439008754607962,1105.97998046875,0.0055094336691066115,0.01327542200479881,0.6453584249579624
2009_2012,2010-02-26,transition_to_uptrend,True,2010-03-01,2010-04-16,10128.73,11102.18,35,9.6108,0,9955.879002703685,0.0170905322059065,0.0010568393121508,0.0001552315886048,-0.0843227559395375,0.025485228880349,0.0023827368741389243,0.00024202854065369372,-0.027679252694497558,0.01474931613216737,-0.8563644886554203,0.4096684785310641,-0.0018409216690700517,1.0471139369576647,1,19.5,-0.029850764680724562,-0.025974048245439363,-1.3150996872356444,10325.259765625,0.00040979360349191474,-0.007410810696126147,0.7710168562651516,88.9209976196289,-0.003909477277488027,-0.028610479240821052,-1.545588272198694,1104.489990234375,0.0014053791778985136,-0.004219419498826871,0.924842586268421
2009_2012,2010-06-17,transition_to_uptrend,True,2010-06-18,2010-06-30,10027.98,9382.64,10,-6.4354,1,9360.201294298373,0.0682890331339334,0.0079895820659705,0.0048122340973955,-0.0962100147571243,0.0233082524383373,-0.006729809069217052,0.04786406095823503,-0.003081577838732308,0.01748199420562277,-1.333972927908498,0.89212135725315,-0.05001801641485723,2.0360578545549046,1,25.049999237060547,-0.033564847093850436,-0.18056920225283024,-1.4808207778240152,10434.169921875,0.0023737985476890433,0.025720213300391315,1.7086453852515577,90.83999633789062,-0.006083497774565072,-0.00513642444598128,-0.514829359776127,1116.0400390625,0.0012830081640498037,0.02686694836451675,1.5892108434028744
2009_2012,2010-07-30,transition_to_uptrend,True,2010-08-02,2010-08-12,9574.64,9212.59,10,-3.7813,1,9313.701566724862,0.0240074514263468,0.0068437643763326,0.0023961129120919,-0.0453446564465787,0.031153048906334,-0.01636957578838938,0.011275611834898447,0.01648365087491732,0.01600015445976197,0.8189431623095171,0.5726920637796702,-0.052842233238988165,0.24598668374139387,1,23.5,-0.026108544661324617,0.0012782568182028164,-0.8858938618478985,10465.9404296875,-0.00011652889076807504,0.003963723573185529,0.9190397583656407,86.44000244140625,-0.002803274224293939,-0.012339970784787657,-1.4943451528598406,1101.5999755859375,6.349921218862242e-05,-0.0009613648458191015,0.7562794039818714
2009_2012,2010-09-13,transition_to_uptrend,True,2010-09-14,2010-10-19,9319.5,9539.45,23,2.3601,0,8934.712919003363,0.0433262262599722,0.0057520218305908,0.0022349897732527,-0.053678912552441,0.0235473111637031,0.00894565110544332,0.0022039881770816727,0.01360822903161063,0.015553493756009935,-0.34877287477645275,0.9241406444056445,-0.04163627143283226,1.5411235932784972,1,21.209999084472656,-0.03547070008022313,-0.004692650585446878,-1.7503758326550807,10544.1298828125,0.007776177361022318,0.009207584487058273,1.6421968801551692,84.30699920654297,0.004491825330589672,-0.001456841148741228,-0.5436696176691425,1121.9000244140625,0.011130616053760978,0.015744551425231235,1.8620874441332287
2009_2012,2010-11-10,transition_to_uptrend,True,2010-11-11,2010-12-22,9878.11,10346.48,30,4.7415,0,9425.420622802332,0.0429793984437827,0.0046420154376283,0.0034238577740519,-0.0253560167832989,0.0179974808989596,0.014031609046617266,0.0732031105074511,0.047065378942948266,0.011760554628865192,1.6311272257973373,1.0,-0.13503137355182193,1.307987018601175,1,18.46999931335449,-0.031970682012092855,-0.05572598069267787,-1.1573711963032653,11357.0400390625,0.0009068710478772335,0.012653456333794333,1.2407223087251755,81.58300018310547,0.006079712263897141,0.0113427991748285,0.9957501889209323,1218.7099609375,0.004376080778473401,0.017321113122813703,1.4669294909349657
2009_2012,2011-04-13,transition_to_uptrend,True,2011-04-14,2011-05-16,9579.79,9558.3,20,-0.2243,1,9138.940255871305,0.0549559814997184,0.0111370033153559,0.0031164166198893,-0.1171508807574871,0.0280866992806251,0.008991898073152926,0.005927313909823262,0.12039641956795033,0.01975527603513001,-1.0106903969800716,0.8424400417101147,-0.026601734444835833,1.0896500673166776,1,16.920000076293945,-0.009947341999771875,0.0011834590659838273,-0.7053220934433657,12270.990234375,0.0006042408662718657,-0.012534231848633004,0.21353382251533004,83.5999984741211,-0.012170611044835855,-0.018318519503333297,0.48720599325588554,1314.4100341796875,0.00019023558280406583,-0.01582131891578853,-0.026704236092038102
2009_2012,2011-06-23,transition_to_uptrend,True,2011-06-24,2011-08-01,9626.43,9965.01,27,3.5172,0,9445.776186238008,0.0159821750124609,0.0056113109879407,0.0030460389295909,-0.0229098844227246,0.005147419169646,-0.0033947444641954094,0.019706135143052084,0.00362792815307178,0.010057057341737606,-0.16265577138007772,0.6663042008025525,-0.13295741145553297,1.350491556276458,1,19.290000915527344,0.04157669755568949,-0.15134178160966805,0.31578759021795616,12050.0,-0.004927460637652259,0.00739709269535882,-0.4845110037377195,80.38300323486328,0.002019453286804307,-0.006144832287734547,-0.32116718116261284,1283.5,-0.002827986549257977,0.012511426878522025,-0.39767406157639434
2009_2012,2011-09-07,transition_to_uptrend,True,2011-09-08,2011-09-14,8863.24,8518.57,6,-3.8888,1,8489.692660696259,0.0322411548324874,0.0034868672676704,0.0010643017594871,-0.1195704154340325,0.0329863247434264,0.020119717022571093,-0.021416611005847797,-0.03046111194543455,0.013222652448203144,-0.4416097204478053,0.3344040025393754,-0.008901045928658497,1.2218298541322945,1,33.380001068115234,-0.0978378089698585,0.014898196642138428,-0.6712182870766469,11414.8603515625,0.024737690133722845,-0.012551078620462675,0.6401589295724044,77.61799621582031,0.009310496275731994,0.011955513747502922,2.9430905962485157,1198.6199951171875,0.028646463529026667,-0.01178977039707474,0.7597997339065428
2009_2012,2011-09-16,transition_to_uptrend,True,2011-09-20,2011-09-29,8763.61,8701.23,8,-0.7118,1,8538.287204736078,0.0381660798822935,0.0030335139165476,0.001289536744256,-0.0583682608003651,-0.0066414712929852,0.02252889039241457,0.014477560094794395,0.01662070524260395,0.014358905693211323,0.2955268218377999,0.6373497729822798,-0.02209311578884553,1.181638464779773,1,30.979999542236328,-0.03096652462875149,-0.19574249288482715,-1.3118599382623615,11509.08984375,0.0066394614905767035,0.047030008419553626,1.0760918427539468,76.73400115966797,0.0007433676994546001,-0.009986092311653927,-0.835839948725429,1216.010009765625,0.0057066970727697175,0.05352488701756397,1.2841221095297681
2009_2012,2011-12-08,transition_to_uptrend,True,2011-12-09,2012-01-04,8521.33,8560.11,17,0.4551,0,8347.255652185011,0.0380154195776818,0.0020735108389495,0.0033803395451987,-0.0609911692974682,0.0277167719098013,-0.0066026968364335525,0.007816357568058985,-0.010377587774387131,0.013305226419706401,0.8382931923726646,0.8975561624036744,-0.05542342578664123,1.3381452072599067,1,30.59000015258789,0.06696895958090754,0.11601606431515599,-0.1555548116663743,11997.7001953125,-0.016289266393697655,-0.0018577389255288734,0.5140904728038251,77.6729965209961,-0.0009903984437801272,0.001160000743438916,0.5991911153290705,1234.3499755859375,-0.02114181011508598,-0.008219624957788163,0.252640861906586
2009_2012,2012-06-14,transition_to_uptrend,True,2012-06-15,2012-07-17,8608.43,8755.0,23,1.7026,0,8280.019669672787,0.0348875957170435,0.0015802030630331,0.0001458292699612,-0.078752020810656,0.0193948469048428,-0.0022066311968185204,-0.00819819165050406,-0.03466423488397985,0.01362948509530409,-1.14317947973405,0.6301242152102831,-0.0018517527354862202,1.6607317466878264,1,21.68000030517578,-0.10671611469868691,-0.001841575020405939,-0.877293471072352,12651.91015625,0.01244602636091563,0.015323875199911408,1.4545231188083358,79.37200164794922,-0.0019490082420331456,0.0012868047079921396,0.23639912041908973,1329.0999755859375,0.010814652782245693,0.010730108560786489,1.1619243562248487
2009_2012,2012-08-10,transition_to_uptrend,True,2012-08-13,2012-09-04,8871.68,8775.51,18,-1.084,1,8582.786818349565,0.0359619337949823,0.0050658448438241,0.0009319380498777,-0.0477134067932525,0.0236458425666421,-0.00970743584517264,0.039313353575102905,0.019659457806835645,0.01070798204462496,-0.4112224715819123,0.8577455674493628,-0.01953199556501784,1.0031965279006456,1,14.739999771118164,-0.03534031225719303,-0.05754479235602006,-1.4353839403985924,13207.9501953125,0.0032479412928640983,0.008535340798441426,1.4005088722447576,78.61000061035156,0.0026785596987946025,0.004985929219663676,0.3934982602208568,1405.8699951171875,0.002188441817939202,0.010697420533058777,1.4558783668337512
2009_2012,2012-10-05,transition_to_uptrend,True,2012-10-09,2012-10-10,8822.39,8596.23,3,-2.5635,1,8939.931947814202,-0.0085718933403557,0.0035630817970131,0.0026078347206341,-0.0172817414676772,0.0081445777786585,0.004386601714403415,-0.0007734191312955829,0.021050401714317157,0.011000140610570346,-0.45016675400814843,0.23989311613157663,-0.1509011534232038,-0.36112111674879793,1,14.329999923706056,-0.015120293068373813,-0.08900188552270194,-0.7598293899512346,13610.150390625,0.002562734112505183,0.012876299427142746,1.117511657145044,78.48400115966797,0.0008799367893261856,0.011261442371382158,1.0984904926035823,1460.9300537109375,-0.00032158936312698394,0.01406290763854745,0.8972319613109498
2009_2012,2012-10-26,transition_to_uptrend,True,2012-10-29,2012-11-15,8958.79,8829.72,15,-1.4407,1,8753.616446768896,0.0204993130136332,0.0014814350374017,0.0011125268298259,-0.0198154013253145,0.0140884839677812,-0.013488451096114629,-0.007733266050125698,-0.0018783006518403589,0.010117379965300821,0.4770588721266684,0.7656010465042187,-0.056144551985663226,1.0552807905463042,1,17.809999465942383,-0.017108242766733284,0.04396248672206915,1.276305137833016,13107.2099609375,0.0002694108465477463,-0.0177089692920408,-1.6203984196641397,80.23500061035156,0.004972609366157732,0.011688631270744265,2.012563517557663,1411.93994140625,-0.0007289817322603254,-0.014827064707940596,-1.5534490282471292
2013_2016,2013-07-02,transition_to_uptrend,True,2013-07-03,2013-07-30,14149.99,13869.82,20,-1.98,1,12635.24207401261,0.115826681577587,0.021519477566722,0.0140047568702357,-0.1465887078651774,0.0552431871489975,0.017775869653492204,0.08708233450827985,0.041746009869705114,0.02622933589280366,-0.19464962873695163,1.0,-0.0955377605423492,2.0443443291590735,1,16.440000534057617,0.00427609598262535,-0.10990789684702951,-0.6109447460907038,14932.41015625,-0.0028413968917774257,0.01165968675099105,-0.4301493329169752,99.65699768066406,0.0027872855192354606,0.02179819225955648,1.3137195675387914,1614.0799560546875,-0.0005449081736377259,0.016403925793107677,-0.12148933217784898
2013_2016,2013-09-06,transition_to_uptrend,True,2013-09-09,2013-10-04,14141.67,14024.31,19,-0.8299,1,13455.140537246596,0.0301497432853212,0.0110308030656651,0.0075918484915269,-0.0633802095874558,0.012385277962396,-0.014505037224413542,0.03524939437395225,0.018040081179432788,0.015120155348782824,0.3280319547364339,0.7191328770235805,-0.11978263468900673,1.1067106474129274,1,15.850000381469728,0.005072918286864958,-0.05710881112266808,0.5458471946456036,14922.5,-0.0010028778803319316,0.005494918021708539,-0.4850140341616699,100.11599731445312,0.003890587404032031,0.018556927328332806,1.8791163288876043,1655.1700439453125,5.443114110303959e-05,0.010377433077129128,-0.08260766127242998
2013_2016,2013-11-05,transition_to_uptrend,True,2013-11-06,2013-12-16,14155.34,15152.91,30,7.0473,0,14292.750180087289,-0.0047142825593959,0.0018844939296347,6.964142504406468e-05,-0.0349375116299193,0.0147711287989408,0.0016758572583026599,-0.011855338093802237,0.014336573637864891,0.012122651913018354,1.1475025532593384,0.4326514249893251,-0.0019933138278922565,-0.273810491412044,1,13.270000457763672,0.026295448148736078,-0.010439924775648257,-0.5712787073767215,15618.2197265625,-0.0013364172963944432,-0.0039622766303216705,0.9125525805177727,98.6269989013672,-0.0006586394086839364,0.010315469437132574,1.0208919824861673,1762.969970703125,-0.0028055878101066467,-0.0050678522058770215,0.7944748123476778
2013_2016,2014-02-27,transition_to_uptrend,True,2014-02-28,2014-03-18,14929.55,14411.27,14,-3.4715,1,14235.320733475008,0.0483157092815003,0.0076621097835796,0.0039738506608311,-0.0952128387795019,0.0287060113183589,-0.003196811955012202,0.032799831845990335,-0.029953360362046322,0.018975160087142735,-0.5114711427430961,0.8768233372185009,-0.041736500158701485,1.5750702326487778,1,14.039999961853027,-0.021602816123754698,-0.050709939278866134,-0.7533087996989194,16272.650390625,0.004583180303429746,0.008641785793927381,1.253942315490188,102.29900360107422,0.001458659549383956,-0.00011722501543054431,0.34758603764133505,1854.2900390625,0.004948082937896281,0.007886817736123763,1.196321602482933
2013_2016,2014-05-15,transition_to_uptrend,True,2014-05-16,2014-05-21,14087.76,14042.17,5,-0.3236,1,14222.088244069551,0.0053523586383095,0.0079381701497505,0.0049207601007961,-0.0085821052643534,0.0217726549901245,-0.007465750258041637,0.009491088177363771,0.02789686102306632,0.012357138256580137,0.9693595973907752,0.5485393150589979,-0.5733744750527532,0.49350719229117257,1,13.170000076293944,0.0821692681783881,-0.019359659193874723,-0.07838463159401836,16446.810546875,-0.010061421151931982,-0.006293295911056984,-0.823562673427506,101.81500244140624,-0.0040789557837372925,-0.0005595178814681301,-1.2801934746931745,1870.8499755859373,-0.009361807033336,-0.0025484926581635925,-0.8186536700981177
2013_2016,2014-05-27,transition_to_uptrend,True,2014-05-28,2014-07-02,14646.93,15369.97,27,4.9365,0,14239.536175915904,0.0278789526870639,0.004529305027785,0.0020042452957893,-0.0141863115593546,-0.0032362287401206,0.0023283653158099327,0.03987634544679497,0.01607285344230891,0.01156054420319933,0.3703030120868979,1.0,-0.14128022547676816,1.697400730849495,1,11.510000228881836,0.0132042761212956,-0.07326890835927002,-1.668317189837144,16675.5,0.004168935631191584,0.009910490471337408,1.4455368706603628,101.8939971923828,-0.0006669229203069005,0.003881745737761566,0.05161866575099524,1911.9100341796875,0.005987805879090757,0.014232859481012827,2.4900665253344116
2013_2016,2014-07-29,transition_to_uptrend,True,2014-07-30,2014-08-05,15616.89,15320.31,6,-1.8991,1,15438.850653130878,0.0116083550126691,0.0041990419276267,0.0019961646677566,-0.0037752052080176,0.0039683232785778,0.005709809757273643,0.017909471388476206,0.03007305814315231,0.005958902163969552,-0.856905528454317,1.0,-0.5287565993809399,0.8636450948370407,1,13.279999732971191,0.05732478417994069,0.08496731873370122,1.3505731396699507,16912.109375,-0.004150160216931709,-0.011770194742558138,-1.42630496794031,101.80999755859376,0.0005994850951660524,0.004043353318986087,0.7838126430019432,1969.949951171875,-0.004527786939807377,-0.006846419224524669,-0.6837464053160129
2013_2016,2014-08-20,transition_to_uptrend,True,2014-08-21,2014-08-27,15530.98,15534.82,6,0.0247,0,15348.154368513087,0.0069256422790142,0.0016764702306304,0.0006688463478743,-0.0027154824309659,0.0074646484208228,0.0003016323353404182,0.015829247481041087,0.008212815067360824,0.010409926822057925,-0.9198254623997124,0.7790194319947699,-0.24630847920322968,1.314020346407466,1,11.779999732971191,-0.035217060100930175,-0.08682169912239768,-1.2165077186627893,16979.130859375,0.003519057859844965,0.01965733811165782,1.2468512636436633,102.91000366210938,0.0029237213719259803,0.0061399463804570065,1.584088295790069,1986.510009765625,0.002477812999687634,0.020439528880020985,1.3947055219240907
2013_2016,2014-09-03,transition_to_uptrend,True,2014-09-04,2014-10-06,15701.61,15890.95,22,1.2059,0,15423.40297428835,0.0197716830452405,0.0049104343462551,0.0030132753136786,-0.0012587836712393,0.0011294483220567,0.003813359297550001,0.012457775048693609,0.0375044488642311,0.009960790263302332,1.303531978581563,1.0,-2.3937991749702037,1.7068637804260458,1,12.359999656677246,0.008979563810387337,0.06276866165546213,-0.3655459405070902,17078.279296875,0.0006280188648262186,-0.0016613328796855065,0.9122061107539272,105.23699951171876,0.008596925486975548,0.01101934109119207,2.061225035966623,2000.719970703125,-0.0007791410646480479,0.0003499720827990771,0.9634664723911148
2013_2016,2014-11-04,transition_to_uptrend,True,2014-11-05,2014-12-09,16785.44,17813.38,25,6.124,0,15142.450992227225,0.113589253931261,0.0130290628251168,0.0056970914236404,-0.0676260612562755,0.0351708777643988,0.027337486590959248,0.09576826420580375,0.0734512694476035,0.02022633333278273,3.156367450682475,1.0,-0.08424402246422014,3.095241489640465,1,14.890000343322754,0.010862240737187001,0.03474635080408528,-0.8471050006743119,17383.83984375,0.001013438092383634,0.02223305903885442,1.6166244973969024,113.64800262451172,0.007151648621501527,0.053828251999016974,2.8757095388935254,2012.0999755859373,-0.0028298416808330007,0.013626823552273182,1.3544736471967305
2013_2016,2014-12-26,transition_to_uptrend,True,2014-12-29,2014-12-30,17914.55,17450.77,3,-2.5889,1,17670.917792987195,0.0083777846882155,0.0019465445755242,0.0004933008546192,-0.0148253027761814,0.0253994798646122,0.0005733663227345254,0.0353810784168862,0.0330730751949444,0.012314241344034374,-1.927185798083901,0.9011457430120267,-0.03327425159988948,-0.029379775526711727,1,14.5,0.009046632948936928,-0.13741817604590167,-0.4797738448627813,18053.7109375,0.0013033680017089377,0.015499955890817096,1.1033076126153532,120.37000274658205,-0.0007388147625132513,0.012039879297796707,0.8955887581536484,2088.77001953125,0.003309574570383944,0.013360973459272563,1.1073135709398954
2013_2016,2015-01-21,transition_to_uptrend,True,2015-01-22,2015-01-29,17306.64,17606.22,7,1.731,0,17188.163341053038,0.0053709710493887,0.0056308594229022,0.0030053523465762,-0.0302500505237939,0.0249043985738398,-0.004941772780571618,0.028847383787862002,0.027393423506758552,0.014718220501589633,-0.02500594576619565,0.4578413314779065,-0.09935032486019381,1.2156507669530419,1,18.850000381469727,-0.05228753343853654,-0.08317116385655887,0.22292088211489863,17554.279296875,0.0022294213139055774,-0.0033724009791750165,-0.6800092757931687,118.64900207519533,0.007960140898026324,0.007249916545905899,-0.2884694340808914,2032.1199951171875,0.004731623968765364,0.004493243149471082,-0.42047540262496846
2013_2016,2015-02-02,transition_to_uptrend,True,2015-02-03,2015-03-31,17654.6,19206.99,41,8.7931,0,17244.107607255544,0.0182051436000298,3.264886844589476e-05,0.0008594821272476,-0.0230193700493789,-0.007767000047069,-0.006583059352293752,0.005124620382961131,0.006146979997524227,0.012987235811637297,-0.3265220281291082,0.7622538006806256,-0.037337343524341586,1.1757411303761474,1,19.43000030517578,-0.07343820021958603,0.251932972428244,0.11951465161599786,17361.0390625,0.011423852249781374,-0.017968525416909076,-0.8098788737319718,117.18399810791016,-0.008998063230135633,-0.0015081837495671824,-1.0786606251738196,2020.8499755859373,0.012962463710669558,-0.017617173170013656,-0.26169522950111074
2013_2016,2015-05-21,transition_to_uptrend,True,2015-05-22,2015-06-17,20208.85,20219.27,20,0.0516,0,19873.081161960978,0.0165947079859598,0.0029884531425448,0.0009494658060344,-0.001338979393837,0.0082687869494605,0.0003123598067777955,0.03232606747150668,0.02798512264870512,0.00980137397244842,0.23746950820873683,1.0,-0.7090966525732678,1.683722684410706,1,12.109999656677246,-0.05978264370513131,-0.049450559321762344,-1.2895927058090872,18285.740234375,1.8585524119707486e-05,0.001835391139379583,1.230763020522598,121.21199798583984,0.004641427880273108,0.017220495641718125,2.563990043621317,2130.820068359375,0.0023378744854138933,0.004582513910524666,1.3870085443942446
2013_2016,2015-07-17,transition_to_uptrend,True,2015-07-21,2015-07-24,20763.31,20544.53,5,-1.0537,1,20360.31544503047,0.0142730832255086,0.0064743160841058,0.0055837094756263,-0.0107970491459404,0.0141555823104007,0.002466043079810021,0.0440392986344893,0.023628135779199422,0.013883029357675377,-1.1812118887682301,0.8079338723026337,-0.5171514364853779,0.931856892111286,1,11.949999809265137,-0.013212209079121462,-0.289958415719726,-1.2559508205540622,18086.44921875,-0.0018653595425007774,0.018357631362768023,1.0543388287547644,124.14900207519533,0.0022523558765399354,0.020123296535452306,1.4807558245302377,2126.639892578125,0.001106182994042637,0.02408710913307055,1.349415992781289
2013_2016,2015-07-31,transition_to_uptrend,True,2015-08-03,2015-08-17,20540.21,20620.26,12,0.3897,0,20387.83533597332,0.009682484439796,0.0027294112944993,0.0008799829335295,-0.001938836371228,-0.0023253064457524,0.0030410112061747263,0.0019815950471151478,0.0030571438360336156,0.011872244076211002,0.643829853846441,0.7675237921746251,-0.45387168643434594,0.9506183308533528,1,12.119999885559082,-0.0008244211696197823,-0.11790392376602243,-0.8010097517909783,17689.859375,-0.00316246790921626,0.0069061032983894766,-0.5232627911398019,124.0709991455078,0.001056936433122102,0.001574152343382984,0.8128766744094041,2103.840087890625,-0.002271519985995063,0.011631854726900315,0.32891850437073805
2013_2016,2015-10-06,transition_to_uptrend,True,2015-10-07,2015-12-08,18168.2,19492.6,43,7.2897,0,17343.264013108615,0.048597288009301,0.0098131593316344,0.0050589696231553,-0.0800896983565523,0.0066464477183681,0.010030794643691054,0.0741404311427809,0.00020398771819918338,0.026060571932185524,-0.404076693313227,0.6823287975190861,-0.06316629637725955,1.3298934413400039,1,19.399999618530277,-0.007164856214812998,-0.276928823194326,-1.550776036527582,16790.189453125,0.0008201843825716981,0.04617443909567487,1.7312260022279227,120.46099853515624,0.0038834599600645614,0.0051819277056275315,0.8519703836012231,1979.9200439453125,-0.0035882361830883447,0.05086279310620734,1.0023574607508643
2013_2016,2016-02-22,transition_to_uptrend,True,2016-02-23,2016-02-24,16230.38,15915.79,3,-1.9383,1,16124.280748607,-0.0008205602547972,0.0058620431372733,0.002735716048307,-0.0512043840092859,0.0217306189901542,0.009010982128735634,0.0055215655737794744,-0.04997364319461761,0.02885259319376422,-1.336410651199492,0.3977310485116125,-0.053427379339450284,0.09885237494070209,1,19.3799991607666,-0.05601565939678543,-0.2370078955974414,-1.5338249189379236,16620.66015625,0.013950101153395345,0.040492475123511174,1.7269805171067647,112.48899841308594,-0.006719660811603245,-0.010389722661067524,-1.362060740912651,1945.5,0.014454197186153817,0.04328659114478017,1.520413345041816
2013_2016,2016-03-08,transition_to_uptrend,True,2016-03-09,2016-04-01,16625.59,16164.16,18,-2.7754,1,15856.423140716248,0.0584449116729923,0.0063627478037768,0.0025326757897194,-0.0330869638850689,0.0194864639828343,-0.007578942359708241,0.043370750145007575,-0.013005556268967822,0.0274046487357667,-0.20078239662270028,0.8876770466471654,-0.07654603180022561,1.2197103255577673,1,18.670000076293945,0.07608067238050409,0.05480221873128355,-0.6687049928615764,16964.099609375,-0.006433755188539947,0.0058712754870600126,1.1394366706744907,113.4520034790039,-0.003084258942866014,0.009090128711678691,0.09294657006688806,1979.260009765625,-0.011240108649505087,0.0004599965582015031,0.9261384261690747
2013_2016,2016-04-22,transition_to_uptrend,True,2016-04-25,2016-05-20,17613.56,16736.35,17,-4.9803,1,16350.687515677218,0.0747248528556554,0.0073317443315916,0.0047366791778331,-0.046942957289863,0.0252290324902593,0.012029237226317102,0.04299974345571522,0.03350871090705909,0.01986143010692049,3.0573902213418367,1.0,-0.10090287129941752,1.467165436238179,1,13.220000267028809,-0.05232971700483369,-0.02936854786279275,-1.0013787803614511,18003.75,0.0011806170271693173,0.005938778850875792,1.1852734875325315,109.43699645996094,-0.0036508402003072593,0.0011068330873509336,-0.4453330805322468,2091.580078125,4.785972478082989e-05,0.005214563041863629,1.0726970525262167
2013_2016,2016-07-14,transition_to_uptrend,True,2016-07-15,2016-08-17,16396.12,16745.64,23,2.1317,0,15342.40744922165,0.0680130011689454,0.0161844801305535,0.0089905412190065,-0.0676381024543839,0.0311718914308477,0.009516163423296753,0.07263897226020544,0.06166530809243076,0.023910657337134385,-0.3080851563795142,1.0,-0.13292125137705998,2.246014938289937,1,12.81999969482422,-0.01687118617119565,-0.13143634850773867,-1.1664590365142045,18506.41015625,0.007309500586029305,0.03411563262364736,1.8443919683693046,104.07599639892578,-0.006491278080208995,0.02892728451712645,0.7404662329310152,2163.75,0.00525920411762093,0.031388579399180605,1.684674975805497
2013_2016,2016-10-17,transition_to_uptrend,True,2016-10-18,2016-11-08,16862.31,17171.38,16,1.8329,0,16682.897857852186,0.0130205965788237,0.0024866450725338,0.0023564343066937,-0.0099297293188546,0.0086987066181402,0.0025954581105227525,0.002374204244815381,0.017206860031945048,0.009830456851451086,-1.083230505460531,0.798885639370714,-0.23731103145171292,1.1732610569426267,1,16.209999084472656,0.005583017404082069,0.21150963720675486,1.4776376314197757,18086.400390625,-0.0028657722623093296,-0.013237937408918654,-1.400989571581028,104.03900146484376,0.0030562594473724225,0.009910925717121266,1.3371821035997136,2126.5,-0.003037994040303138,-0.017174562370639523,-1.8372538467515878
